driverId,name,ssn,location,certified,wage-plan
10,James Brown,351-75-2475,"18058 David Glens Apt. 836
Lesterton, PA 41631",N,hours
11,Jason Munoz,211-56-8290,"1467 Sanders Row Apt. 957
East Sean, ME 04286",Y,miles
12,John Griffin,501-24-8804,"6598 Thomas Islands
Ambershire, WV 52589",Y,hours
13,Meghan Arnold,849-44-0391,"94275 April Lakes Apt. 019
Ballmouth, TX 84923",N,hours
14,Richard Thompson,533-95-9084,"Unit 0326 Box 1359
DPO AA 57367",N,hours
15,Rebecca Osborne,454-76-2854,"90924 Cynthia Mills
Abigailborough, FM 45615",N,miles
16,Anne Moss,078-03-7590,"138 Hunter Shoals
Williamston, TX 03395",Y,hours
17,Belinda Foster,296-88-0189,"27143 Wallace Point
Richardsonshire, IN 89034",Y,hours
18,Justin Alvarado,009-46-3481,"9415 Gary Trail
Brownland, KY 17075",N,miles
19,Mary Bryant,609-84-9277,"032 Steven Run
South Nancy, ME 03001",Y,hours
20,David Fisher,222-07-7714,"634 Lindsay Route
Wesleyshire, TN 67209",N,hours
21,Justin Smith,817-82-1118,"85876 White Streets Apt. 280
Coryfurt, NY 01004",Y,hours
22,Michael Sullivan,565-59-3729,"445 Crawford Camp
North Anthony, NH 12432",Y,miles
23,Katrina Hurst,083-42-5095,"996 Martin Loaf Apt. 034
East Johnnyland, CA 82331",Y,hours
24,Kenneth Delgado,357-51-5589,"07779 Le Vista Suite 048
Jasonmouth, WI 72957",Y,hours
25,Laurie Koch,466-97-9006,"095 Timothy Squares
Brendaton, VA 03273",Y,miles
26,Sarah Tanner,792-13-0315,"95900 Emily Ranch Apt. 631
East Vincentton, NV 08859",Y,hours
27,Jason Frank,541-71-9024,"18824 Justin Hills Suite 258
South Ralphview, PW 07398",Y,miles
28,Tara Santos,427-30-1149,"5005 Michelle Gateway Suite 302
Collinsmouth, SD 72568",N,hours
29,Tony Alvarado,191-55-9952,"PSC 9785, Box 3302
APO AA 18327",Y,miles
30,Timothy Taylor,833-61-6222,"PSC 9321, Box 9096
APO AE 45287",Y,miles
31,Katherine Garcia,533-99-5650,"69855 Fuentes Pines
Ashleyton, CT 61940",Y,miles
32,Eric Bennett,190-08-3344,"84153 Alvarado Harbors Suite 177
Jenkinsborough, ID 75634",N,hours
33,Tracey Powers,456-19-1550,"65089 Valerie Roads Apt. 179
Hamiltonberg, WA 79797",N,miles
34,Tina Cruz,639-41-6000,"01172 Shaw Falls
East Heather, MD 80591",N,hours
35,Kyle Kennedy,610-15-7909,"4677 Angela Green Suite 094
New William, AL 25168",Y,miles
36,Carmen Wood,672-99-9916,"723 Smith Spring Suite 730
West Tina, TX 41082",Y,hours
37,Amanda Aguilar,308-48-0481,"873 Renee Plain Apt. 615
Lake Reneehaven, GU 51358",Y,miles
38,Paul Dodson,627-79-5356,"450 Daniel Spur
North Laurafort, ND 29576",N,miles
39,Bradley Flores,620-50-9555,"390 Gloria Ports
Sanchezport, NY 88732",N,hours
40,Terry Johnson,379-96-7770,"72223 Dominguez Pines Apt. 477
Melissaport, PW 30479",N,miles
41,Justin Adams,542-25-2766,"PSC 3280, Box 6409
APO AE 19409",Y,hours
42,Johnny Potter,294-56-6672,"USNS Fletcher
FPO AE 97564",N,hours
43,Jennifer Navarro,309-06-2594,"23429 Collins Port
Ryanfurt, MS 83520",Y,hours
44,Joshua Jones,895-92-5838,"Unit 5170 Box 8256
DPO AA 27464",Y,hours
45,Jessica Hoffman,891-25-1962,"01884 Maria Rapid
Schwartzshire, UT 14723",Y,miles
46,Steven Lyons,238-14-3854,"2826 Jacqueline Valleys
Lake Cynthia, LA 26269",N,hours
47,Tiffany Walker,880-68-9381,"3099 Amber Stream
New Andrew, NH 48735",Y,hours
48,Henry Shah,339-46-4432,"18989 Porter Plains
North Kenneth, IL 61857",Y,hours
49,Mike Mejia,160-12-1658,"51620 Isaiah Glens Suite 362
Brandonburgh, WV 29755",Y,miles
50,Theresa Anthony,768-33-8329,"44754 Villarreal Estates Suite 782
Johnsonshire, AR 06266",N,hours
51,Christopher Parks,644-83-7620,"329 Luis Curve Suite 526
Port Sabrina, LA 40111",Y,miles
52,John Richardson,367-18-3042,"0627 Kevin Stream
Lake Summermouth, WI 42287",N,miles
53,Patrick Webb,491-60-4428,"831 Martin Extension
South Jeremyberg, MH 01848",N,hours
54,Kelly Crawford,267-17-7603,"370 Moody Court Apt. 819
New Hayleyburgh, ID 56742",N,miles
55,John Burch,103-35-4639,"8896 Lopez Plains Suite 406
Dustinmouth, WY 29849",Y,hours
56,Daniel Fernandez,178-51-4140,"469 Katherine Garden Suite 987
West Ericafort, UT 55768",Y,hours
57,Cheryl Mccullough,669-46-6922,"483 Wallace Light Suite 876
Port Jerry, AZ 69335",N,hours
58,Daisy Keller,575-43-1295,"873 James Mountains
Waltersstad, WA 07381",Y,hours
59,Maureen Sandoval,889-44-7402,"9444 Sims Oval
Greenmouth, WA 84663",Y,hours
60,Courtney James,106-85-9639,"1320 Eric Square Suite 837
Kimberlybury, SD 26751",N,miles
61,Joseph Atkins,897-90-0599,"24473 Dennis Expressway
Tonyaton, MS 76508",Y,miles
62,Ashley Gutierrez,579-99-9146,"1800 Damon Flats
Stephenview, GU 81065",Y,hours
63,Madison Harper,042-67-5917,"9476 Veronica Locks Suite 521
East Karachester, MN 63941",N,hours
64,Paula Dixon,163-97-3867,"8900 Jeffrey Extensions Apt. 439
New Williamshire, NH 35002",Y,hours
65,Jason Shaffer,703-61-0728,"47303 Hartman Ramp Apt. 721
West Edgarview, ND 37590",N,hours
66,Mrs. Kayla Brooks,816-42-6263,"76542 Garrett Isle
West Drewville, UT 81250",N,miles
67,Michael Clay,683-70-3461,"35462 Christine Row Suite 446
Fletcherstad, OK 30614",Y,miles
68,Anthony Castillo,043-93-4792,"3379 Nicholas Haven
Billyberg, MA 52988",N,miles
69,Aaron Park,425-15-5274,"373 Ann Trail Suite 988
Stanleyfort, AZ 38941",Y,hours
70,Frank Morales,561-56-9274,"163 Daniels Fork
Morrisonmouth, FL 22745",N,miles
71,Michelle Cole,287-50-2827,"13300 Cain Lane Apt. 000
South Anthony, AR 29747",Y,hours
72,Vanessa Lewis,029-16-1461,"451 Gomez Ville
Morrisonfurt, CT 38277",N,miles
73,Benjamin Moore,646-20-3152,"7650 James Wall
Adamborough, ND 65399",N,hours
74,James Savage,557-39-9790,"0246 Koch Lodge
Katherineport, NV 25288",Y,hours
75,Brandon Gray,158-32-1168,"5538 Danielle Hills
North Jennifer, AR 65606",Y,miles
76,Paula Robinson,590-36-0469,"6143 Samantha Glen
Martinside, PA 74374",Y,hours
77,Bryan Berg,630-94-6313,"4703 Lawrence Lodge Apt. 376
Sharonbury, WA 71956",N,miles
78,April Rodriguez,110-56-9705,"126 Kimberly Forges Suite 277
North Troytown, IL 60122",Y,miles
79,Cynthia Jackson,183-90-0755,"38234 Torres Squares Apt. 299
Michaelbury, AL 54978",Y,hours
80,Daisy Hawkins,652-02-5100,"55993 Andrew Roads
West Andrewbury, IN 80278",N,hours
81,Katelyn Carter,853-06-0229,"42555 Leslie Mountains
Gonzalezton, PA 43064",Y,hours
82,David Gordon,695-84-5459,"80396 Megan Ports
Lake Jaredfurt, VI 59878",Y,hours
83,Jason Lee,673-02-5065,"67269 Lopez Meadow Suite 757
East Hannahberg, KS 47252",Y,miles
84,William Martinez,473-87-7237,"06370 Malone Mountains
South Janetstad, MD 34622",N,hours
85,Breanna Mills,601-57-1981,"62068 Jason Square
North Brandy, OR 10940",Y,hours
86,Mark Schneider,092-54-8305,"560 Zachary Drives
South Audrey, OR 43696",N,hours
87,Alexander Sexton,790-67-0641,"407 Stephenson Junction
North Desiree, SD 09933",N,miles
88,Sandra Davis,611-60-6417,"27920 Romero Road
Lake Shannon, MI 72080",Y,hours
89,Kimberly Hill,331-37-9965,"02573 Duncan Expressway
Amybury, IN 17739",N,hours
90,Jerry Smith,761-51-9318,"4706 Cooper Village
North Maryville, KY 22223",Y,hours
91,Faith Mccall,700-36-9259,"40320 Lee Turnpike
Anthonyborough, NH 43670",N,hours
92,Carolyn Solomon PhD,208-35-9717,"67260 Rebecca Garden
Port Amandamouth, SD 74214",Y,hours
93,James Gillespie,021-49-3471,"445 Heidi Shores
North Jenniferfurt, CT 38154",N,miles
94,Dr. Larry Mcguire,169-85-7448,"450 Katie Centers Suite 539
Johaven, LA 04085",N,miles
95,Cynthia Lucas,237-33-2718,"99134 Ryan Mission Suite 696
Heidimouth, MO 18258",N,miles
96,Summer Wright,886-39-6608,"Unit 7006 Box 7432
DPO AP 74273",Y,hours
97,Joseph Perkins,444-97-9809,"980 Jeffrey Circle Suite 315
Port Carlos, MT 01618",Y,miles
98,John Torres,184-02-8359,"Unit 7774 Box 4680
DPO AE 35335",N,hours
99,Whitney White,888-02-0031,"24711 Foster Glen Suite 266
Vasquezmouth, FL 12224",N,miles
100,Tim Allen,031-79-0048,"30247 Day Ferry
North Matthew, MT 19244",N,hours
101,Joan Schneider,276-98-6133,"0971 Atkins Creek
Andersonborough, NH 58102",Y,hours
102,Anna Gutierrez,467-92-5341,"8964 Ruiz Course Suite 551
South Michellemouth, TX 59853",Y,hours
103,Francis Wells,606-03-6640,"0806 Nicholas Manors
Jacquelineside, GA 30314",N,hours
104,Judy Peterson,412-54-3517,"00616 Kenneth Path Suite 787
East Sharon, FL 29679",N,hours
105,Diana Duncan,020-65-8255,"7727 Catherine Manors
East Johnfort, AR 88729",N,miles
106,Jaime Benson,683-15-1318,"6070 Phillip Lodge Suite 583
Diazmouth, MA 02132",N,miles
107,Jesse Arnold,861-81-3696,"6616 Wiley Alley Apt. 425
Duncanbury, RI 41349",Y,miles
108,Corey Clark,540-03-2123,"036 Martinez Prairie
Vaughnland, WI 28936",Y,hours
109,Anthony Morales,496-82-6233,"598 Sims Village
South Scott, MP 71211",Y,hours
110,Kelly Hansen,156-99-3038,"11693 Hall Gateway
Gibsonshire, OH 82198",Y,miles
111,Michael Holder,504-41-7405,"934 Mcintyre Plains
Christinemouth, CT 88831",Y,miles
112,Brandon Scott,135-84-3482,"USNV Martinez
FPO AA 10660",Y,hours
113,Andrew Meyers,801-21-1535,"797 Garcia Common Apt. 241
Juliachester, NH 09033",N,miles
114,Albert Robinson,273-33-1762,"14582 Moore Station
New Lawrenceburgh, PA 22468",Y,miles
115,Amber Ellison,047-96-8031,"918 Schaefer Fall Apt. 325
Fischermouth, IA 04656",Y,miles
116,Sandra Moss,533-86-8587,"50039 Andrea Drives
Lake Kaitlynside, GU 36595",Y,miles
117,James Bowers,746-84-7499,"07717 Navarro Hill
New Scottside, FL 46702",N,miles
118,Kristina Murphy,800-04-8146,"2768 Brandi Lane
Joetown, TN 72573",Y,hours
119,Patricia Howell,802-98-6431,"615 Roach Parkway Suite 968
Robertborough, VI 17249",Y,hours
120,Fernando Hunt,480-11-5395,"397 Michael Port
New Victoria, HI 61817",Y,miles
121,Christy Clark,159-29-8506,"159 Nicole Skyway
East Stephenfort, WA 32866",N,hours
122,Leslie Shea,112-14-8969,"518 Cheryl Fall Suite 759
Smithville, VA 94666",Y,hours
123,Paul Miller,406-24-8520,"536 Avila Roads Suite 632
Lake Lauren, OH 10678",Y,hours
124,Philip Washington,347-24-6816,"95858 Allen Canyon
Baileyborough, MP 78345",N,miles
125,Jerry Gray,565-71-6815,"860 Diaz Point
North Jennifermouth, MS 86012",N,miles
126,Sonya David,803-14-9604,"47153 Robinson Parks
Robertchester, WY 88902",N,hours
127,Desiree Jennings,590-65-1909,"02892 Finley Islands Suite 051
Kimberg, GU 98360",Y,miles
128,Cindy Thomas,509-08-6562,"5898 Collins Fork Suite 980
Sullivanport, SC 93093",Y,miles
129,Sean Taylor,368-72-4831,"USCGC Bullock
FPO AA 06517",Y,hours
130,Kelly Everett,583-40-1527,"82007 Webster Spring Apt. 037
Morenostad, NE 51715",N,hours
131,Lori Williams,340-88-3650,"874 Chang Extensions Suite 187
New Nicole, IL 57562",Y,hours
132,Christopher Erickson,328-67-8506,"USNS Howard
FPO AA 36252",N,hours
133,Sarah Burton,221-87-6213,"3883 Becky Hollow
South Lauraview, FL 90583",N,hours
134,Robin Boyd,271-26-8378,"87686 Moreno Village
West Christopher, MA 76949",Y,miles
135,Timothy Watson,073-81-5638,"317 Smith Village Suite 469
West Taylor, MI 63996",Y,hours
136,Derek Miller,212-99-9379,"USNS Petty
FPO AE 96299",Y,miles
137,Michael Jones PhD,299-16-7527,"15884 Osborn Expressway Apt. 216
West Russellburgh, ID 36452",N,miles
138,Dr. Robert Mccullough,783-61-6948,"897 Jennifer Expressway Suite 368
Benjaminhaven, VI 72349",Y,hours
139,Michelle Knight,792-44-4361,"63388 Wilson Ways
Castanedabury, NY 84344",N,miles
140,Michael Graham,862-94-4961,"48115 Alexander Fort Suite 580
Lake Kaitlyntown, KS 38056",N,hours
141,Kellie Savage,241-82-4012,"910 Eddie Turnpike Suite 880
North James, NY 35231",N,hours
142,Erik Kim,664-91-6119,"995 Jennifer Rapid
Patriciamouth, DE 24794",Y,hours
143,Ethan Cross,823-92-9240,"0543 Stacy Orchard
North Markview, ND 44182",N,miles
144,Sandra Greer,706-79-6598,"877 Anthony Union Apt. 081
Port Emily, OK 76936",N,miles
145,Sharon Sullivan,758-92-1358,"1566 Jackson Parks
Port Daniel, WV 07950",Y,miles
146,Cesar Andrews,045-23-5570,"6680 Jones Place Apt. 684
Maryview, LA 69927",N,miles
147,Eric Mueller,487-93-5815,"5880 Harris Ports
West Laura, IL 66875",Y,hours
148,Christopher Spencer,594-32-0352,"535 Gary Circles Suite 853
Hernandezfurt, AR 47959",N,miles
149,Joshua Stewart,562-69-5298,"50769 Melody Vista Suite 737
Lake Robinstad, AS 41169",N,miles
150,William Lewis,533-77-2008,"608 Sheila Land Suite 524
Garybury, PR 65529",Y,hours
151,Thomas Cunningham,874-25-8720,"7073 Cohen Forest
Pittmanfurt, RI 80881",Y,hours
152,Justin Crawford,484-92-4699,"861 Crystal Grove
Lake Peterport, SC 80545",Y,hours
153,Danielle White,040-13-4252,"51694 Myers Tunnel
Stuartland, IL 98550",N,miles
154,Dillon Holt,244-34-7084,"45750 Perez Trail Suite 861
South Tammybury, NC 41398",Y,hours
155,Christopher Ramos,467-67-2004,"13462 Ward Center Apt. 702
Kristieborough, NY 51973",N,miles
156,Brian Davis,353-92-1752,"330 Sabrina Springs Apt. 052
Rogershaven, FM 45198",N,hours
157,Mary Nelson,191-98-9279,"5638 Samantha Green Apt. 175
Hillview, VI 20739",Y,miles
158,Charles Deleon,104-05-4027,"8343 Howard Keys
New Cathy, CT 07305",Y,miles
159,Matthew Rios,346-06-0310,"62288 Hall Loop Suite 693
West Theresafurt, PW 40185",N,miles
160,Karen Harmon,540-14-8085,"68473 Wallace Drive Suite 933
Lake Sheriport, MS 03887",Y,miles
161,Joanna Cooper,006-10-2918,"7317 Kirk View Apt. 357
Johnborough, KS 14805",Y,miles
162,Nicole Burke,338-89-2095,"816 Joseph Lights Apt. 509
Lake Andrealand, FL 19957",N,miles
163,Daniel Riddle,356-04-1933,"3820 Dean Meadow Apt. 926
Lake Raymond, LA 87263",N,miles
164,Christopher Taylor,198-70-9940,"27777 Bradley Circle Apt. 310
Karenville, MH 70748",Y,miles
165,Christopher Romero,359-29-5282,"PSC 3583, Box 6145
APO AA 51875",N,miles
166,Julie Harris,767-38-6682,"35897 Green Isle
New Brendaport, MP 73982",Y,miles
167,Ariana Boyle,868-87-6020,"89450 Lee Plains Apt. 294
South Timothy, MN 61802",Y,miles
168,Judy Hernandez,269-61-5645,"258 William Spurs Suite 831
South Reginafurt, VT 21197",N,hours
169,Tracey Watson,138-30-1773,"567 Diaz Junctions Suite 801
Lake Terrence, NJ 20268",N,hours
170,Mr. Joshua Cline,406-13-3174,"1436 Michael Fall Suite 293
Colonmouth, DC 17293",N,hours
171,Michael Mckinney,722-06-2757,"6628 Johnson Springs Suite 871
Kellyview, HI 53102",N,miles
172,Anthony Reyes,195-32-0225,"388 Deborah Summit Suite 414
West Francisco, KY 27923",Y,hours
173,Lisa Ray,590-58-6765,"776 Austin Vista
Brownview, MD 24882",Y,miles
174,Nancy Huynh,402-14-2773,"21261 Edwards Falls
New Cesar, OR 75034",Y,hours
175,Janice Jackson,285-87-3931,"1976 Robert Flat Suite 149
Melissaville, WA 44505",Y,hours
176,Molly Wade,634-70-1000,"4119 Martin Lane
Sandrastad, NY 03470",Y,miles
177,Daniel Harmon,675-36-8723,"07613 Christine Rapids
Port Jennifermouth, NV 80910",N,miles
178,Scott Robertson,792-82-1927,"18457 Nicholas Dale Suite 514
North Danielshire, IN 23699",N,miles
179,Chad Weber,496-55-1578,"Unit 1698 Box 8687
DPO AE 82341",Y,hours
180,Bonnie Allen,737-35-2297,"922 Margaret Route Suite 467
New Yvettemouth, GU 13940",Y,miles
181,Mark Ramsey,063-52-5161,"543 Robertson Rue Apt. 407
East Kimberly, CT 04635",Y,miles
182,Ryan Hernandez,674-63-8697,"99437 Melinda Trace
Anthonyland, LA 07657",N,miles
183,Jason Kaiser,819-48-9532,"603 Alexis Cliffs Suite 713
East Mariaport, MO 36433",Y,miles
184,Elizabeth Cross,549-03-9948,"062 Mary Lake Suite 163
Mariahton, VA 26654",Y,miles
185,Chad Sanchez,020-94-9210,"059 Hamilton Avenue Apt. 203
West Staceyfurt, NJ 86188",N,miles
186,Kelly Williams,662-63-8879,"1426 Lynn Cliff
Carolville, VT 99950",Y,hours
187,Rebecca Mcdonald,784-68-2051,"7690 Adam Court
Longside, NY 46073",Y,hours
188,Jaime Flores,601-68-5996,"416 John Green
Morrisonfurt, PW 81712",N,miles
189,Robin Johnson,454-20-7058,"2018 Ana Mews
New Ianfurt, GU 57948",Y,hours
190,Sherry Riddle,787-65-8777,"54244 Webb Corners Suite 058
New Michele, NE 13452",N,miles
191,Jessica Lewis,617-87-5562,"7685 Mary Lane
New Candaceborough, WY 27428",N,hours
192,Mr. Lawrence Morris,235-36-6970,"611 Timothy Hill
Palmerberg, DE 18220",N,hours
193,Samuel Freeman,216-76-7569,"Unit 5104 Box 5711
DPO AE 62662",Y,hours
194,Karen Williams,621-69-7904,"2487 Sarah Garden
Skinnerhaven, MS 17065",N,hours
195,Catherine Holt,383-94-7146,"9262 Johnson Overpass
Sheltonmouth, NH 62355",Y,hours
196,Jonathan Spencer,678-49-3400,"54042 Owen Ports
Lutzhaven, KS 81975",N,hours
197,Mathew Caldwell,649-77-2726,"432 Timothy Greens
Jonesburgh, RI 60912",N,miles
198,Michael Sexton,290-29-4262,"38419 Francisco Junction Apt. 685
Carolland, CO 76018",Y,hours
199,Christy Wong,891-76-2707,"USS Ross
FPO AE 27036",N,miles
200,Jodi Ramirez DVM,125-06-9040,"899 Donna Alley
Wilsontown, DE 03188",Y,miles
201,Kendra Rice,532-69-0253,"307 Mcguire Ferry
New Mark, HI 31972",N,miles
202,Brittany Haley,718-60-0286,"60113 Wilson Squares
Mariatown, MP 23653",Y,miles
203,Cynthia Roberson,735-94-0302,"7421 Henry Walk Suite 349
Kristenfurt, SC 64337",N,hours
204,Megan Brown,405-84-1553,"644 Torres Place Apt. 674
West Douglas, FM 10995",N,miles
205,Bill Thomas,161-95-4576,"72803 Brian Rapid Apt. 300
Baileymouth, NM 27815",Y,miles
206,Alexander Reyes,354-88-9322,"985 Victor Run
Port Richard, PA 28874",N,hours
207,James Jackson,018-81-9704,"29337 Bartlett Rapids Suite 553
Crawfordside, AR 48743",Y,hours
208,Timothy Gregory,183-55-1984,"1458 Bobby Drives
Oconnellside, DE 31868",Y,miles
209,Kevin Rivera,776-36-3947,"161 Kristi Forest Suite 942
New Michaelborough, OR 68362",Y,miles
210,Rebecca Ramos,575-91-8863,"7560 Dalton Mountains
Port Travis, AR 24882",Y,miles
211,Susan Carter,683-80-1981,"2539 Edward Mission Suite 404
Hortonside, CT 52338",N,hours
212,Nathaniel Beck,500-02-7542,"3089 Shari Views
Jonesborough, AR 53268",N,miles
213,William Gardner,645-56-8123,"932 Joseph Squares Apt. 045
North Alexis, MN 46099",Y,miles
214,Calvin Berger,066-01-1075,"07048 Jackson Park
South Stevenhaven, MT 22600",Y,miles
215,Scott Gonzalez,583-30-6087,"97337 Chelsea Center Suite 195
Johnsonport, LA 74005",Y,miles
216,Todd Glass,031-55-4006,"1084 Harris Views Apt. 028
Hansenstad, NJ 46756",N,hours
217,Lisa Wilson,594-56-2981,"78930 Richard Path
South Brian, WV 32231",Y,hours
218,Lisa Castillo,093-01-0065,"43975 Olson Lane Apt. 054
East Danielle, NY 19391",Y,miles
219,Adam Miller,653-88-3437,"3468 Ball Mountain Apt. 456
Leemouth, MA 56931",N,miles
220,Kara Leonard,750-16-8037,"4945 Amanda Fall
Courtneyberg, VI 24938",N,hours
221,Danielle Mcintyre,706-28-3150,"7323 Rodney Brooks
Floresberg, VT 80712",Y,miles
222,Kristen Sheppard,131-18-5107,"2647 Odom Turnpike Apt. 392
South Davidstad, AS 79193",Y,miles
223,Lawrence Rodriguez,500-01-6603,"3698 Emily Lane Apt. 694
North Adrian, MP 40327",Y,miles
224,Melissa Bryant,396-25-1897,"3660 Christina Manors
Port Jamesshire, NE 62213",Y,miles
225,Joshua Jefferson,456-24-6628,"6199 Jacob Brooks
South Dana, PR 55340",Y,miles
226,Bridget Mills,104-86-8907,"459 Jesse Crescent Suite 603
Laurahaven, NV 50769",Y,hours
227,Edward Mcgee,859-27-5386,"9228 Jennifer Ways Apt. 235
East Jonathanstad, WV 30527",N,miles
228,Angela Spencer,667-90-5857,"158 Crosby Ways Suite 605
Oliverstad, AS 60746",Y,miles
229,Julia Ward,066-44-5278,"362 Cameron Walk Suite 642
Johnstonfurt, HI 34633",Y,hours
230,Lynn Riley,271-45-7239,"1949 Malik Parkways Apt. 814
East Brianmouth, FM 06749",N,hours
231,Tracy Williams,052-22-7107,"3230 Baker Turnpike Suite 625
West Cory, SD 52362",Y,miles
232,Mason Rosales,026-31-1782,"70017 Goodwin Lodge
Howardbury, OR 58042",Y,miles
233,Amy Walker,568-74-7251,"9466 Erin Lodge Apt. 301
Estesfurt, WV 22680",Y,hours
234,Richard Mills,133-93-9108,"79346 Hamilton Mission Suite 410
Martinezchester, WV 67566",N,miles
235,Brittany Mclaughlin,823-27-4421,"PSC 1329, Box 8931
APO AA 64332",N,hours
236,Olivia Dorsey,350-68-2370,"815 Herrera Fords Suite 835
Taylorstad, CT 34060",Y,hours
237,Margaret Smith,400-19-4228,"390 Miller Loop
Emmaview, OR 55813",N,miles
238,Elizabeth Briggs,263-53-2059,"3836 Jon Springs Suite 652
East Karenborough, KS 25364",N,miles
239,Nicholas Williams DVM,492-76-6979,"41675 Ross Point Suite 667
Janiceberg, SD 53112",Y,hours
240,Robert Tran,365-95-4083,"671 Boyd Shoal
Nixonton, CO 32046",Y,miles
241,Nicole Fernandez,208-33-9782,"640 Melissa Centers
Riosmouth, ME 89305",Y,miles
242,Melissa Ballard,057-40-0093,"088 Jackson Burgs
Elizabethburgh, KS 90637",Y,miles
243,Holly Freeman,730-17-8083,"Unit 4925 Box 2872
DPO AP 97568",N,miles
244,Christopher Kim,160-93-1189,"92682 Elizabeth Flat Apt. 034
North Joshuafurt, NV 05309",Y,hours
245,Melissa Terrell,464-02-0915,"5631 Watkins Shoal Apt. 160
Andradestad, AL 16450",N,miles
246,Christopher Smith,388-79-3078,"0972 Sharon Spur Apt. 754
Jasonfort, UT 29120",Y,miles
247,Amanda Lee,100-18-2310,"892 Renee Mount Suite 531
Joystad, NH 40046",Y,hours
248,Mark Barrera,667-43-8896,"USS Rodriguez
FPO AP 39970",Y,hours
249,Matthew Page,565-68-7532,"931 Rodriguez Trafficway
Nicolechester, OR 10514",N,miles
250,Mary Smith,376-58-0946,"752 Mcguire Land Suite 797
South Eric, ID 62611",N,hours
251,Ashley Davis,366-74-2863,"1474 Parsons Mission
Joshuastad, NJ 04300",Y,miles
252,Danny Hunt,367-02-0334,"5632 Brian Viaduct
Millerside, DE 93046",N,hours
253,Herbert Campos,538-59-1345,"9024 Rachel Road
Grosschester, HI 69726",N,hours
254,Theresa Elliott,566-65-3438,"01841 Martinez Forges Suite 916
East Ericmouth, NJ 50625",Y,hours
255,Janice Yates,823-26-4602,"496 Christopher Plains
New Michaelport, MO 17072",Y,miles
256,Shannon Berg,596-95-2600,"2245 Ferguson Canyon
Port Denisechester, KS 80402",N,hours
257,Jacob Richardson,177-53-5401,"9900 Jennifer Point
Kingshire, MO 53341",N,hours
258,Charles Suarez,142-56-1801,"45172 Breanna Ports
Port Gary, WV 80708",Y,miles
259,Christine Johnson,267-34-2528,"74560 Mosley Mission Suite 732
Jeffreyshire, ME 70286",Y,hours
260,Donald Marquez,369-88-9696,"514 Maddox Route Apt. 163
North Andrew, NY 10839",N,hours
261,Lisa Fox,771-53-0352,"6342 Ayers Spurs
Gregorybury, AR 52264",Y,miles
262,Monica Johnson,404-71-0791,"815 Donald Cliffs Apt. 413
Bradyburgh, TX 66871",Y,miles
263,Crystal Meyers,843-78-5009,"3840 Thomas Estates Suite 791
Paynechester, WV 41717",Y,miles
264,Gary Young,278-37-9466,"0055 Parrish Alley Apt. 716
New Brandi, IN 60041",Y,miles
265,Chase Nielsen,555-05-7298,"USNS Hays
FPO AP 60211",Y,miles
266,Kathleen Wilson,664-61-9305,"Unit 7779 Box 8292
DPO AE 65114",Y,hours
267,Linda Sharp,131-50-8359,"3753 Sarah Expressway
Ronaldstad, SD 48128",Y,miles
268,Craig Green,112-63-1343,"58672 Acosta Cliff Apt. 176
Allenfurt, MS 22307",N,miles
269,Emily Smith,762-87-2113,"737 Lyons Trail Apt. 112
Mcfarlandborough, MS 00524",Y,hours
270,Hannah Carson,073-32-0588,"55165 Kelly Common Suite 729
North Brenda, WI 44274",Y,miles
271,Chad Nguyen,297-91-4881,"4356 Cheryl Keys Suite 315
Simmonsfort, GA 46834",Y,miles
272,Robert Kline,041-51-5660,"USNS Vaughan
FPO AA 55207",N,hours
273,Ryan Robinson,842-73-0178,"63763 Davis Harbors
South Tracy, MT 34213",N,miles
274,Theresa Ray,750-02-6541,"417 Melissa Island Apt. 127
Lake Justin, FL 28572",N,miles
275,Emily Serrano,571-52-2637,"36282 Phillip Ports Suite 982
Deborahhaven, SC 78554",Y,miles
276,David Atkins,417-49-8212,"Unit 8087 Box 9271
DPO AA 29364",N,miles
277,Brittney Gates,893-70-8200,"643 Renee Via
Rodriguezland, NE 82759",Y,miles
278,Linda Mitchell MD,361-32-3459,"0436 Jimmy Branch Suite 191
Courtneyburgh, KY 08701",N,miles
279,Candice Meyers,238-96-8729,"1643 Kelley Rapid Suite 166
Lake Heatherton, NE 84508",Y,miles
280,Tony Garcia,793-93-6912,"1947 Amber Hollow Apt. 589
Michaelborough, AR 21130",Y,miles
281,Kevin Miller,799-14-6486,"58005 Timothy Locks Suite 600
Port April, TN 43502",N,miles
282,Jessica Romero,119-84-4297,"09451 Dwayne Cove
South Brendaton, NH 05717",N,miles
283,Katie Green,764-43-3175,"46645 Shaw Field Suite 209
Alexisfurt, MT 79126",Y,hours
284,Dawn Stevens,458-77-7995,"9562 Pearson Groves
South Brian, WI 48672",N,miles
285,Duane Jones,107-82-1923,"4096 Lewis Freeway Apt. 884
Lake Justinshire, MS 15468",N,miles
286,Elizabeth Hoffman,539-15-5988,"6704 Caitlin Hollow Suite 885
Andersonview, MA 66549",Y,miles
287,Christopher Jenkins,249-73-0419,"2465 Li Corner
Davidtown, IA 99454",N,miles
288,Dawn Hubbard,330-27-2156,"391 Norman Falls
East Lanceville, IN 11526",N,hours
289,Maria Reilly,596-83-7253,"692 Brandon Creek Apt. 931
New Brent, WI 04449",N,miles
290,Christopher Hill,428-98-5931,"225 Walker Falls
Proctorstad, WV 40496",Y,miles
291,Mary Turner,325-45-6740,"20202 Fox Roads
Lake Robert, CT 17013",N,miles
292,Timothy Richards,252-70-2896,"312 Andrea Village
Michaelamouth, CT 61576",N,miles
293,Krystal Coleman,447-61-6251,"55935 Caroline Wells
Amyfurt, NH 50303",Y,miles
294,Juan Jackson,578-34-3998,"57111 Gary Ports
Bellmouth, FM 76899",Y,miles
295,John Davis,478-69-8206,"69843 Mary Courts
Wagnermouth, FM 12551",Y,hours
296,Amanda Shaw,820-52-3679,"99833 Dana Glen
Jameston, FM 07903",Y,miles
297,Leslie Pittman,395-71-5898,"0533 Leslie Cliff Suite 598
Elizabethview, LA 92526",N,miles
298,Ashley Calderon,866-18-6119,"73561 Teresa Locks
East Michael, MS 35556",Y,hours
299,Brian Garcia,045-73-0626,"90284 Fox Ridge
South Ryan, MA 40894",N,hours
300,Travis Taylor,034-30-9406,"681 Rogers Green Apt. 124
Mallorytown, AR 56149",Y,hours
301,William Bishop,211-15-8941,"Unit 1424 Box 7018
DPO AP 59967",Y,miles
302,Chelsea Rodriguez,829-73-9305,"379 Victoria Meadow
Avilaland, AZ 61279",N,miles
303,Michael Burke,302-74-0503,"35913 Kevin Brooks Apt. 994
Glenbury, CT 30487",Y,miles
304,Greg Webb,856-18-2315,"41652 Boyd Stravenue Apt. 931
Toddton, SD 83429",Y,miles
305,Brandon Campbell,744-06-2460,"22244 Moyer Overpass Suite 173
New Alex, VI 28455",N,hours
306,Courtney Andrews,455-70-4525,"685 Ricky Loaf Suite 982
Annfurt, ME 99871",N,hours
307,Catherine Barrera,602-40-4776,"USS Thompson
FPO AA 12768",N,hours
308,Rachel Martinez,251-16-6883,"5173 Leah Views
South Robert, MP 89372",N,miles
309,Matthew Brown,624-96-2069,"7834 Gibbs Row
West Brianview, IN 32465",N,miles
310,Amy Cole,493-60-1170,"119 Amber Grove Apt. 395
West Mariamouth, FM 75344",Y,hours
311,Karen Dudley,365-52-5809,"2146 Hart Centers
North Nicole, FM 42965",Y,miles
312,Dwayne Morgan,239-02-8629,"4342 John Extension
Crawfordview, ME 95639",N,hours
313,Rachel Lucas,368-87-0887,"8381 Noah Curve Suite 375
Rebeccafurt, MA 95381",Y,hours
314,Jennifer Hall,211-04-1034,"706 Amber Springs Suite 438
Samueltown, NM 59485",N,hours
315,Tommy Chambers,421-94-0974,"588 Olivia Key
Alejandraburgh, WA 25637",Y,miles
316,Jason Campbell,039-68-1308,"8021 Amy Summit Suite 260
Jonesview, MO 99904",Y,hours
317,Daniel Kelly,736-81-6118,"98640 Warner Key
Lake Juliaview, MS 71428",Y,miles
318,Monica Melton,520-56-5807,"Unit 6002 Box 9459
DPO AA 95512",N,hours
319,Mark Phillips,678-75-6241,"Unit 5244 Box 3888
DPO AA 71751",N,miles
320,Mr. Craig May,814-29-9661,"450 Johns Islands
New Davidfurt, TX 57693",N,miles
321,Bryce Ellis,182-01-2684,"9101 Bowen Ville
New Graceland, MO 69423",N,hours
322,George Jackson,772-47-7828,"Unit 0067 Box 7870
DPO AA 30143",N,hours
323,Ryan Gill,338-91-7389,"USCGC Anderson
FPO AE 84040",N,miles
324,Erica Hutchinson,046-49-4630,"3698 Dickerson Common
Potterfort, OR 66171",Y,hours
325,Dennis Price,143-19-7973,"78643 Diaz Villages
Lake Luis, IL 28512",N,miles
326,Kayla Higgins,126-14-3768,"996 Robert Manors
Jenniferland, RI 61838",Y,miles
327,Amber Jones,420-99-2558,"711 Victoria Shore
Port Travis, UT 70858",N,hours
328,Jason Chen,310-03-4409,"2555 Jonathan Points
South Dwayne, NV 13620",Y,hours
329,David Bowers,671-48-1367,"5951 Robin Knolls
South Williamhaven, OH 80055",Y,hours
330,Carolyn Gonzalez,409-98-7109,"PSC 5487, Box 3140
APO AE 81070",Y,hours
331,Jennifer Martinez,300-15-5864,"236 Dustin Pine Suite 593
New Kelly, PW 07209",Y,hours
332,Andrew Webster,654-53-0564,"186 Earl Divide
Lake Sierrabury, AZ 16828",Y,miles
333,Heather Smith,838-03-3054,"9642 Robin Station
Silvaborough, LA 58659",Y,hours
334,Destiny Simpson,204-31-0448,"78524 Brian Haven
Lisafurt, AL 47849",Y,hours
335,Rodney Ingram,128-76-3467,"USCGC Roberts
FPO AP 04337",Y,hours
336,Jason Davis,824-55-6111,"923 Dawn Wells
West Christina, PA 32468",Y,miles
337,James Jones,246-79-4383,"97914 Rachel Valleys
Lewisstad, OK 80493",N,hours
338,Joshua Wells,878-93-4892,"2911 Pierce Tunnel Apt. 537
Lake Ross, CO 81719",Y,hours
339,Cynthia Jackson,033-24-6449,"458 Melinda Fort
Susanport, VI 84539",N,hours
340,Anthony Fletcher PhD,630-40-2815,"139 Melissa Mount
South Allison, AZ 34241",Y,miles
341,Johnny Schneider,866-41-7410,"80840 Wilkerson Ports Apt. 504
Julieview, SC 23827",Y,hours
342,Brittany Baker,688-54-3246,"82563 Patricia Rue Suite 142
Adamshire, TX 20225",Y,miles
343,Debra Pham,182-94-3036,"06388 Stephens Mission
Port Lisa, RI 74034",N,hours
344,Leonard Collier,872-51-7487,"PSC 1666, Box 1160
APO AP 47223",N,miles
345,Dylan Anderson,864-48-3517,"5779 Lisa Freeway Apt. 756
North Michaelbury, RI 37785",N,hours
346,Brittany Lewis,510-65-0460,"21308 Bush Route Suite 707
Port Kevin, PA 79678",N,hours
347,Christopher Hoover,717-35-3652,"USNV Hall
FPO AP 20371",N,miles
348,Debra Anderson,708-43-8427,"6201 Kimberly Ford Suite 403
Allenton, AL 78465",N,hours
349,Heather Collins,345-18-8036,"4309 Sandra Mountain
East Teresaburgh, NH 75820",N,miles
350,Richard Sosa,136-74-0251,"1529 Graham Squares
Andrealand, MN 69921",Y,miles
351,Jason Curtis,505-62-8895,"822 Rose Court Suite 680
Mckenzieview, MT 31239",Y,miles
352,Valerie Adams,070-90-6003,"124 Noah Shoals Suite 626
Bryantville, MP 03574",N,hours
353,Andrew Smith,830-45-9801,"05970 Fowler Harbor
Hernandezville, NY 43625",N,hours
354,Jerome Chase,217-24-7432,"48897 Martinez Dam
East Elizabeth, NE 75459",N,miles
355,James Sandoval,371-07-9785,"29482 Gregory Square
Lake Justin, FL 15125",N,miles
356,Karen Maldonado,271-92-0263,"548 Tammy Port Suite 699
Haynesshire, NE 54691",Y,hours
357,Rachel Holden,617-37-7667,"00925 Robert Cape Suite 653
Port Williamburgh, FL 48596",N,hours
358,Rhonda Jones,013-12-2027,"2142 Leah Island
New Teresa, PA 07319",Y,hours
359,Jasmine Robinson,851-45-5081,"Unit 0217 Box 9219
DPO AP 77511",N,miles
360,Victoria Oliver,540-71-7557,"Unit 2721 Box 8631
DPO AP 46415",N,miles
361,Nicholas Rodriguez,181-85-9259,"382 Felicia Forest Apt. 957
Coreymouth, AL 27375",N,miles
362,Samantha Steele,036-54-9143,"USNV Hodges
FPO AA 61116",N,miles
363,Evan Martin,702-61-6246,"92831 Mcintosh Forks Suite 032
Jennifermouth, NY 28385",N,hours
364,Monica Jackson,781-62-6941,"Unit 8152 Box 3465
DPO AA 70207",Y,hours
365,Lauren Young,452-12-9560,"USNV Alexander
FPO AE 24152",N,hours
366,Matthew Little,053-34-7743,"700 Chavez Prairie Apt. 238
Taylorville, KS 99764",Y,hours
367,Chloe Yang,874-65-1344,"USS Hill
FPO AP 56348",N,hours
368,Amanda Mcdonald,833-56-1114,"Unit 3114 Box 8658
DPO AP 53259",Y,miles
369,Jacob Boyer,705-46-7981,"9339 Fox Trace
Lake Thomasmouth, WI 55854",Y,hours
370,Jennifer Hammond DVM,430-57-5843,"Unit 1498 Box 9450
DPO AP 80114",Y,hours
371,Ryan Smith,435-01-6117,"38135 Robert Expressway
Lake Jessicaton, LA 38017",N,miles
372,James King,854-99-4843,"594 Andrea Ways Suite 311
Weaverberg, AS 97167",Y,miles
373,Steven Sheppard,747-60-2825,"00347 Vega Mount Suite 323
Gabrielview, ME 77042",Y,miles
374,Rebecca Lewis,010-69-8818,"7850 Young Manor Apt. 720
New Tamiton, NC 02564",Y,hours
375,Mitchell Ferguson,315-77-6290,"95973 Carlson Lodge Suite 256
East Miranda, AL 54794",Y,hours
376,Yolanda Ramos,893-78-3493,"30822 Jacobs Rapids
Goldenhaven, VT 44050",Y,miles
377,Brian Brown,420-12-5097,"61959 Bryce Terrace Suite 589
East Davidstad, MO 08417",N,miles
378,Zachary Parker,225-62-9763,"PSC 8188, Box 8865
APO AE 91129",N,hours
379,Allen Rogers,748-08-6130,"949 Cindy Circle
East Phillipside, NV 68280",Y,miles
380,Emily Brown,503-46-5290,"2152 Mitchell Squares
Ricemouth, PW 43300",N,miles
381,Juan Cooper,115-81-3513,"1756 Montgomery Tunnel Suite 879
Dixonchester, MS 34287",Y,miles
382,Robert Clements,245-41-0144,"115 Washington Views Suite 957
Toddfurt, KY 42068",N,hours
383,Lisa Lewis,460-48-9604,"201 King Port Suite 902
Dunntown, CA 27652",N,hours
384,Ann Turner,363-61-9937,"22299 Shaw Lodge Suite 790
Ramirezville, GA 45005",Y,hours
385,Justin Montgomery,148-68-7356,"3838 Lyons Burgs Apt. 333
East Andre, KS 34966",N,miles
386,Natalie Kline,171-21-2161,"25236 Little Park Apt. 450
Donnastad, AK 53232",Y,miles
387,Michael Allen,310-83-9609,"9364 Rivas Knolls
North Rebeccamouth, FL 39444",N,hours
388,Walter Hall,401-63-3362,"879 Lewis Fork Suite 803
Robbinschester, NY 20266",N,hours
389,Megan Jackson,270-65-3354,"5107 Stephen Haven Suite 964
Port Joseph, MO 28076",Y,hours
390,Dawn Perkins,026-30-2092,"8265 Jonathan Club Suite 983
Lopezfort, LA 23839",Y,hours
391,Edward Woods,323-57-6690,"97623 Wilcox Forges Apt. 355
Lloydmouth, WY 31522",Y,miles
392,Donald Welch,507-71-3662,"11489 Parker Key Apt. 298
South Jamesside, KS 85892",Y,hours
393,Seth Patterson,652-70-4534,"776 Black Village
East Diana, AK 56649",N,miles
394,Nathaniel Carter,700-69-7283,"USCGC Adams
FPO AA 65716",N,miles
395,Susan Hill,842-15-4001,"Unit 2398 Box 2740
DPO AP 88894",Y,miles
396,Jonathan Johnson,529-45-1048,"43870 Katherine Run
Cookchester, PR 09213",N,hours
397,Steven Bowers,105-50-9517,"731 Angela Greens
Angelastad, FM 69745",Y,miles
398,Janice Ortiz,490-46-4386,"2753 Emily Locks Apt. 048
North Whitneyfurt, MP 69780",Y,miles
399,Timothy Soto,869-43-7374,"594 Ian Road Apt. 471
South Rebeccatown, WI 71381",N,hours
400,Bradley Green,333-90-9317,"USNV Richardson
FPO AE 95483",Y,miles
401,Margaret Barton,523-93-4446,"37634 Alvarado Forks Suite 984
New Christophermouth, DE 76906",N,hours
402,Frank Baxter,809-22-4055,"85374 Gilbert Hill
Mariaside, ND 19518",N,miles
403,Antonio Mcfarland,128-68-1058,"059 Leach Via
Gonzalezstad, PA 87507",Y,hours
404,Christopher Thompson,090-36-9841,"Unit 5674 Box 4158
DPO AA 95642",N,miles
405,Donald Carter,097-43-7735,"603 Melton Cove
North Christopher, IN 84571",Y,miles
406,Daniel Nichols,215-38-2185,"070 Garza Center Apt. 674
West Nicholasside, AS 91434",Y,miles
407,Barbara Davis,882-25-3677,"0104 Wang Freeway Suite 557
West Doris, OR 62121",N,hours
408,Lance Nguyen,493-59-3421,"8000 Johnson Shores Suite 736
South Jose, PW 26241",Y,hours
409,Ashley Bell,621-36-3808,"Unit 3865 Box 3549
DPO AA 86443",N,miles
410,Richard Rivera,846-54-2594,"691 Hobbs Gardens Suite 256
East Alec, RI 52701",N,miles
411,Dale Rodgers,022-75-0626,"PSC 6302, Box 8699
APO AE 09114",Y,miles
412,Micheal Jacobs,411-36-1189,"0961 Moore Ways
South Marciafort, NM 80861",N,miles
413,Dennis Roberts,869-81-6468,"09515 Philip Mountain Suite 846
Lake Sandrafurt, MH 10226",N,miles
414,Robin Bright,093-59-9589,"312 Kathleen Cape
Port Michelle, PR 32813",Y,hours
415,Tyler Gonzalez,823-50-8518,"5072 Walsh Square Apt. 814
East Micheletown, MD 89647",Y,miles
416,Christina Thomas,155-82-7738,"0686 Montgomery Wall
New Lisaville, AS 02018",N,miles
417,Nicholas Stone,375-09-6679,"967 Johnson Track
New Lisabury, UT 63071",N,miles
418,Stephanie Green,026-38-4680,"268 Carrie Estate Apt. 668
Port Sherrishire, KS 29610",Y,miles
419,Ellen Wood,205-22-1472,"61484 Stewart Well Suite 084
Marcusview, GA 22910",Y,hours
420,Holly Brown,558-22-6630,"6637 Dale Corners Suite 281
Audreychester, AS 85243",Y,hours
421,Hector Farley,383-64-7580,"73981 Miller Park
Meltonshire, PW 17969",N,miles
422,Ricky Smith,650-84-9120,"5564 Sarah Viaduct
Pearsonmouth, AL 84271",Y,hours
423,John Keith DDS,244-75-9580,"52981 Jessica Parks Suite 076
East Jimmyhaven, IL 02132",N,miles
424,William Jennings,878-92-3329,"886 Brian Canyon
South Traceyville, CT 84600",N,miles
425,Brandy Mcdonald,281-58-3896,"416 Clark Mews
Janicefurt, DE 19593",N,hours
426,Evelyn Chambers,117-89-6418,"343 Schmitt Mount Suite 101
Maryshire, AZ 22531",Y,miles
427,Kevin Carter,462-99-5925,"33073 Jennings Squares
Jeffreyside, WV 01712",Y,hours
428,Amanda Woodard,559-07-0376,"32688 Molly Glens
Vegafurt, LA 98263",N,miles
429,Judith Robinson,715-77-7717,"PSC 9081, Box 2768
APO AE 57129",Y,hours
430,Robin Rodriguez,186-65-8610,"288 Mccoy Road
Andrewschester, OK 24473",Y,miles
431,William Wallace,415-43-0942,"507 Rose Court Apt. 818
West Saraport, PW 62955",N,hours
432,Richard Hebert,880-12-4613,"PSC 6803, Box 4943
APO AP 14075",Y,miles
433,Ryan Mendoza,356-82-9038,"670 Francis Run
Port Anna, OR 77974",Y,hours
434,Michael Garcia,818-42-9991,"80171 Todd Prairie
South Sandraburgh, MI 95671",N,hours
435,Courtney Lowery,854-51-7359,"4889 Stone Bypass Suite 644
West Vickimouth, NH 21544",N,hours
436,Robert Harvey,570-94-6775,"41554 Anthony Streets
Bryantville, KS 87128",N,hours
437,Timothy Martinez,795-09-2234,"09459 Brian Lodge
West Justin, NV 27811",N,hours
438,Cody Brown,893-52-9159,"93956 Christopher Summit
South Cathyfurt, NH 73670",N,hours
439,David Nunez,779-99-0693,"22704 Daniel Terrace Suite 622
Amyborough, ND 53682",N,miles
440,Timothy Brown,212-94-0340,"41286 Reed Point Apt. 762
Cynthiamouth, NE 44433",N,miles
441,Elizabeth Hardy,612-12-5846,"385 Potts Glen
Jessicaside, NE 17204",Y,miles
442,Lori Smith,207-28-0006,"531 Ward Islands
Lake Brian, MI 48200",Y,miles
443,Sarah Hall,649-86-3882,"1537 Jeremy Vista Apt. 122
South Matthewville, AK 17483",N,miles
444,Rebecca Costa,619-89-2405,"31530 Andrew Passage Apt. 445
East Gregoryview, IL 73435",N,miles
445,Christina Bright,601-21-6677,"5472 Lisa Loaf
West Carlaberg, NJ 01676",N,miles
446,Selena Simon DVM,575-90-8170,"084 Farmer Passage Suite 623
New Katiefurt, MA 84604",N,hours
447,Anthony Huber,150-78-4616,"220 Rebecca Cape Suite 321
West Jenniferborough, RI 78233",N,miles
448,Erin Meyers,029-79-0417,"PSC 1772, Box 7750
APO AE 43311",Y,hours
449,Joseph Torres,734-77-6967,"56598 Megan Orchard Suite 574
New Mariebury, GA 30481",Y,miles
450,William Russell,754-23-4796,"2783 Peterson Summit
Martinezchester, MN 84096",Y,hours
451,Kimberly Roberts DDS,712-72-6531,"Unit 0037 Box 7880
DPO AP 32234",Y,miles
452,Nicole Perkins,464-32-7947,"3739 Paula Point Apt. 907
New Rachel, SC 24531",Y,miles
453,Taylor Terrell,508-53-9629,"PSC 3217, Box 0586
APO AP 94435",Y,miles
454,Vickie Phelps,159-08-9568,"19495 Angela Greens Apt. 683
Mendozamouth, KS 77645",Y,miles
455,Angela Russell,757-02-7252,"478 Steven Light
Sharonberg, KY 11350",Y,miles
456,Christopher Powers,574-02-8446,"538 Jennifer Groves Apt. 612
Lake Jonathanport, ME 16790",N,miles
457,Sarah Carrillo,523-86-8793,"343 Rios Parkway Apt. 090
Larryport, PW 83789",Y,miles
458,Robert Brown MD,829-15-6491,"832 Danielle Crest Apt. 895
Lake Brady, ND 31904",Y,hours
459,Andrea Wright,020-48-8557,"3787 Christopher Valley
Camposfort, AK 65408",N,miles
460,Jordan Hicks,099-25-9040,"99703 Tonya Burg Suite 159
Patriciaside, MT 91916",Y,hours
461,Christopher Castillo,131-35-4871,"61230 Hogan Street
Blanchardchester, MO 99707",Y,miles
462,Michael Lewis III,130-62-5193,"072 Allison Forks
Jasonstad, OK 55190",N,miles
463,Charles Young,177-26-2273,"015 Regina Ramp Suite 058
Lake Mirandaport, IA 11218",N,hours
464,Sheila Matthews,559-66-9022,"711 Kelly Dale
Lake Justin, WA 83386",N,miles
465,Kelsey Bailey,219-41-3229,"62762 Cody Mount
East Beverly, MI 30083",Y,miles
466,Kristen Thomas,283-65-4313,"72311 Martin Forks Suite 788
East Paul, SD 93799",N,miles
467,Michelle May,397-64-6045,"05669 Morrison Villages Apt. 372
North Laurenside, WV 80659",N,miles
468,Barbara Ho,668-61-6352,"USS Navarro
FPO AP 19764",Y,hours
469,Dominique Gilbert,612-22-6371,"21976 Morris Via Suite 845
East Tonyland, KY 34927",Y,hours
470,Jane Myers,833-63-6061,"760 James Mills
Lisamouth, WI 88269",Y,miles
471,Judy Cole,130-90-1190,"USNS Cunningham
FPO AE 70450",Y,miles
472,Kim Doyle,753-60-6182,"4187 Wilson Inlet Apt. 559
Bethmouth, NE 01816",Y,hours
473,Ian Thompson,560-09-1892,"351 Rios Trail
North Cody, DC 60805",Y,hours
474,Bradley Robinson,549-04-8882,"394 Kerry Parkway
Danielleport, WV 93819",Y,miles
475,Patrick Davis MD,383-52-2729,"517 Brian Lights
Dustinview, WV 32055",Y,miles
476,Melissa Henderson,775-49-9540,"6850 Heather Views
South Phillip, FM 98546",N,miles
477,Sharon Mullins,776-99-4659,"1421 Perkins Prairie
Taylorton, MT 52523",Y,miles
478,Katie Shepherd,716-82-2126,"4386 Sonya Village
Sheltonhaven, ID 12506",N,hours
479,Richard Cabrera,264-14-5864,"453 Anderson Streets
Lake Lori, ME 96084",N,hours
480,Tina Hawkins,219-54-5068,"4188 Murillo Parks
East Derekberg, RI 23581",Y,miles
481,Bryce Mccarty,496-65-9151,"24201 Mark Drive Apt. 002
Walkerville, AR 11304",N,miles
482,Tammy Mosley,413-03-4846,"875 Gary Dam Apt. 707
Perezfurt, MA 61481",Y,hours
483,Jose Foster,039-65-4172,"3149 James Junction Suite 325
Devinborough, WA 58020",N,hours
484,Michael Rodriguez,246-70-0506,"USCGC Burnett
FPO AE 74043",Y,miles
485,Amber Hernandez,184-08-7108,"807 Mccullough Spur Apt. 667
West Joseph, LA 00666",N,hours
486,James Patel,272-05-7304,"Unit 4055 Box 8413
DPO AP 68068",N,hours
487,Natalie Sanders,005-41-3370,"5959 Katelyn Key Suite 633
Stevenstad, VI 24894",Y,miles
488,Todd Brown,198-16-5913,"518 Kristy Center Apt. 190
Gonzalezfort, GU 87664",N,hours
489,Christina Schmidt,573-03-9409,"Unit 1811 Box 5918
DPO AP 62826",Y,hours
490,Laura Clark DDS,169-29-8497,"12434 Ramos Crest Suite 375
Burtonfurt, TX 93597",N,hours
491,Bryan Choi,451-38-9212,"USNS Roberts
FPO AE 75170",N,hours
492,Zachary Conrad,852-59-4997,"076 Green Track
Carlabury, FM 80096",N,hours
493,Alicia Pruitt,320-54-5011,"44643 Megan Camp Suite 973
Danastad, OR 94060",N,hours
494,Jacob Reilly,272-14-7880,"9314 Francisco Village Apt. 956
Andersonland, MI 99833",Y,hours
495,Monica Allen,408-09-5496,"0301 Whitney Island Suite 687
Arroyoport, WV 96259",Y,miles
496,Michael Ellison,757-61-4771,"827 Susan Fall
Michaelshire, FM 26202",N,miles
497,Paula Wolfe,068-13-4100,"4866 Briggs Hill
North Pamelaview, MD 85849",N,hours
498,Vickie Collins,560-85-1932,"607 Patel Spur Suite 668
Gregoryfurt, WV 15150",Y,hours
499,Matthew Collins,678-16-1336,"857 Stevens Hollow
Jenkinsport, VI 33285",Y,hours
500,Gary Chavez,084-28-0787,"853 John Plain
North Carolynside, DC 66360",Y,hours
501,Roberto Hernandez,583-71-2099,"198 Russell Parks
Frenchstad, AK 26352",Y,hours
502,Seth Wolf,891-95-0060,"873 Harrison Trail Suite 828
Lake Heatherton, PA 87343",N,hours
503,Jonathan Brewer,696-78-0957,"247 Schultz Motorway Apt. 633
Brighthaven, WA 32118",Y,hours
504,Joshua Rodriguez,442-36-4390,"5972 Carrie Mission
Rhodeston, ID 77818",N,hours
505,Kelly Hall,884-41-8512,"8692 Jennifer Rapid Suite 079
East Samuel, GU 23509",Y,hours
506,John Johnson,096-53-1660,"890 Ryan Cliffs Apt. 550
North Jamesland, NY 60079",N,hours
507,Megan Smith,386-56-7442,"USNV Smith
FPO AE 09834",N,miles
508,Dana Garcia,228-70-2473,"16794 Kenneth Wells Apt. 674
East Daniel, MA 38060",N,hours
509,Sara Johnson,223-05-6568,"67301 Walker Stream Suite 816
Jeffreybury, IA 28829",Y,hours
510,Joanna Rodriguez,495-48-6509,"97812 Travis Fords Suite 090
Mackenziefurt, PA 89664",N,miles
511,Susan Mccoy,884-37-9244,"3606 Ward Lights Suite 028
Brownchester, MH 11029",Y,hours
512,Angela Brown,714-29-0043,"66200 Mcdowell Way Apt. 435
Chrisport, NH 37553",Y,hours
513,Jacqueline Cameron,305-79-2638,"3527 April Common Apt. 618
Rodriguezbury, NV 19154",N,hours
514,Tony Mcclure,439-81-2757,"34678 Bell Shore
Hicksshire, OR 82127",Y,hours
515,Kelly Fernandez,259-90-5935,"3676 Nelson Pines Apt. 991
Rodriguezhaven, SC 69740",N,hours
516,Peter Holt,323-94-6233,"587 Gregory Estate Suite 641
South Tricia, MN 71240",Y,miles
517,Mary Johnson,023-47-7241,"0129 James Pike
North Dianaborough, DE 95688",N,miles
518,Jennifer Cooper,531-47-5671,"USCGC Baldwin
FPO AP 70497",Y,miles
519,William Robbins,785-43-6229,"57263 Thomas Well
Grantton, WV 64750",Y,hours
520,Brandon Quinn,665-29-6646,"0121 Melissa Forks
South Nicoleport, ND 72735",N,hours
521,Angela Anderson,139-15-0366,"Unit 3695 Box 5724
DPO AP 04390",N,miles
522,Amber Shelton,366-09-5178,"6867 Julie Pines
North Jennifer, UT 64119",N,hours
523,Marvin Giles,643-57-6689,"65665 Kelly Views
Keithshire, FL 05689",N,miles
524,Edwin Williams,842-34-8380,"838 Phillips Walks Apt. 770
Port Michael, SD 74309",Y,hours
525,John Irwin,807-42-6253,"4286 Rachel Pass Apt. 700
Rangelport, DE 34053",N,hours
526,Kathy Turner,784-85-7025,"5121 Abigail Shoals
Danielfurt, ME 40050",Y,miles
527,Jeanette Matthews,641-88-5648,"42362 Andrew Gardens
West Saraport, PR 16707",N,hours
528,Carol Lynch,049-46-4080,"97591 Duran Expressway Suite 317
Rogersburgh, AZ 90312",N,miles
529,Dana Thomas,215-11-4072,"0190 Eaton Flats Apt. 934
Charlesstad, IA 91918",N,hours
530,Cynthia Nelson,323-78-1527,"81397 Wilkins Cliffs
Lynnton, KY 89496",Y,hours
531,Mark Esparza,135-90-9634,"2487 Michele Well Suite 254
Farrellbury, FM 63992",Y,hours
532,Ryan Stevens,033-45-0524,"7079 Williams Shoals
Martinland, VI 87919",N,hours
533,James Murray,110-99-4389,"631 Amanda Trace
Port Jacobside, MA 02268",N,hours
534,Kimberly Callahan,779-47-1661,"886 Jones Isle Apt. 046
Lake Brianport, OH 14455",N,miles
535,Matthew Butler,404-25-2675,"Unit 4739 Box 2688
DPO AE 64520",Y,hours
536,Perry Butler,716-10-4004,"Unit 7882 Box 5001
DPO AE 99029",Y,hours
537,Michael Hahn,165-15-4710,"1459 Elizabeth Squares
East Danielle, NJ 42460",Y,hours
538,Erin Martinez,379-46-3954,"05481 Steven Loaf Apt. 187
Molinafurt, LA 03614",Y,hours
539,Stephen Moore,492-16-1743,"6623 Victoria Walk
Brianview, CO 32263",Y,hours
540,Maurice Davis,838-68-4280,"74693 John Island Apt. 237
Kylemouth, RI 10595",Y,miles
541,Michelle Wilson,374-29-9850,"3438 Jensen Village
South Kennethshire, FL 47536",Y,hours
542,Ann Phillips MD,136-12-3097,"12618 Watkins Fort Apt. 363
Newtonburgh, WV 74488",Y,hours
543,Julie Adams,739-39-9468,"89997 Smith Valley Suite 510
Lake Robertton, IA 66325",Y,hours
544,Kenneth Smith PhD,593-94-9122,"1239 Jimmy Turnpike Suite 945
Port James, NM 88330",N,miles
545,Robert Ayers,379-31-0015,"76352 Gordon Path Apt. 470
Grayshire, OH 66350",N,miles
546,Isaac Kennedy,699-82-2611,"677 Samantha Centers
North Jessica, ND 75728",Y,miles
547,Jessica Anderson,681-53-2015,"3619 Walls Oval Suite 245
Rogerstown, TN 97831",Y,hours
548,Kelli Huffman,011-14-5273,"50092 Kathryn Light
Richardmouth, MA 10543",Y,miles
549,Timothy Campbell,710-97-6939,"0344 Meyer Cliff Apt. 740
Jamesberg, MO 99790",N,hours
550,Charlotte Walker,399-79-5161,"1030 Linda Estates Apt. 249
Doylehaven, IN 20692",N,hours
551,Ann Clark,771-88-3076,"23928 Rice Rapid Apt. 797
Port Jennifer, NV 93823",Y,hours
552,Rachel Martinez,895-60-7459,"94226 Bailey Corners Suite 210
South Ian, AK 17565",Y,miles
553,Robert Bradshaw,151-31-9873,"85491 Aaron Canyon
South Kathleenstad, CA 81883",N,hours
554,Lori Adams,715-47-3546,"2844 Byrd Streets Suite 949
Wendyhaven, MH 31364",Y,hours
555,James Alexander,361-26-2190,"706 Casey Shoals Apt. 383
Lake Jamesbury, MH 82796",Y,hours
556,Brandy Anderson,632-04-0101,"847 Bryant Parks
Cannonfurt, AZ 28832",N,hours
557,Carla Kim,419-68-6619,"7448 Marquez Pines Suite 288
Raybury, MI 20183",N,miles
558,Jacqueline Richardson,118-67-0368,"1878 Felicia Crescent
Phyllisberg, RI 76108",Y,miles
559,Cynthia Flores,119-98-8688,"56660 James Parks
West Sarah, WY 65980",Y,miles
560,Laura Gonzales,404-16-1542,"044 Lauren Heights
Wrightfort, TN 06851",N,hours
561,Eric Carter,468-50-6158,"9852 Martinez Crest Suite 440
Montgomerychester, ME 34417",Y,miles
562,Paul Phillips,162-05-3383,"6907 Ramirez Valleys Apt. 100
Adambury, MT 85830",N,hours
563,Carolyn Gray,083-05-6535,"6420 Lindsey Springs
Kellyland, ID 32117",Y,miles
564,Pamela Adams,782-74-4232,"Unit 7765 Box 6355
DPO AE 74983",N,hours
565,Jeanne Key,121-02-1976,"85587 Jones Knoll Apt. 357
North Jenniferside, VA 63458",Y,miles
566,Jessica Valdez,647-72-7764,"01099 Jaclyn Parkway Apt. 174
Lopezside, MN 42807",Y,miles
567,Dawn Woods,385-06-6724,"5994 Sarah Oval
North Christopher, ME 94317",Y,hours
568,Mr. Joseph Keller,310-57-5433,"75606 Erika Village Apt. 819
Millermouth, WA 43494",N,hours
569,Mitchell Bell,284-07-7659,"8140 Hayes Parkways
Scotthaven, HI 79580",Y,hours
570,Mr. Phillip Bass,194-37-1042,"6674 Deanna Club
Port Bryanborough, KY 86032",Y,hours
571,Christopher Schmidt,536-30-8059,"91570 Marc Mountain Apt. 046
South Stephenton, IA 60703",N,miles
572,David Thomas,464-68-1910,"9783 Rogers Roads
West Deannabury, AR 84983",N,miles
573,Michael Watson,204-63-0646,"63119 Michael Rue
New Thomasfurt, WI 08972",N,hours
574,Harry Reid,872-61-5954,"4183 Jennifer Radial Apt. 980
North Teresabury, MI 97156",N,hours
575,Nicole Hayes,163-77-6997,"PSC 4087, Box 5165
APO AP 25773",Y,hours
576,Jonathan Alvarez,275-92-0565,"2130 Hester Wall
Armstrongside, RI 26454",Y,hours
577,Travis Ramirez,843-06-6525,"PSC 2782, Box 1793
APO AE 56023",N,hours
578,Joshua Harvey,494-89-1698,"420 Megan Mall Suite 484
Phillipsmouth, CA 51024",Y,miles
579,James Perry,390-02-5100,"42508 Gonzalez Square Suite 355
Jenniferville, KY 64023",Y,hours
580,William Munoz,291-09-5034,"6940 Henry Glen Suite 256
Lake Adammouth, DE 82682",Y,miles
581,Nathan Johnston,506-92-2205,"52879 Moreno Ville
New Travis, DE 86868",Y,hours
582,Harold Turner,090-51-4856,"USNS Gonzales
FPO AP 97260",N,miles
583,Cindy Porter,492-69-5547,"06044 Reed Hills
East Sophiastad, RI 19711",Y,hours
584,Andrew Schaefer,823-83-3977,"4304 Branch Stream
North Toddborough, GA 40587",Y,miles
585,Amanda Garrison,052-41-7612,"152 Nicholas Terrace
South Evanberg, OK 60943",Y,miles
586,Lisa Wu,266-14-9553,"369 Jennifer Throughway Apt. 346
Zacharyborough, DE 48256",Y,miles
587,Tiffany Ray,319-67-1471,"027 Roth Springs Apt. 345
Beverlyfort, MN 26494",N,hours
588,Dana Livingston,332-92-3593,"Unit 1734 Box 4416
DPO AE 69216",Y,hours
589,Rodney Henderson,660-10-3922,"80381 Janice Path
Daughertyburgh, UT 41475",Y,miles
590,Brian Harris,189-18-6571,"2179 Barron Estate
Williamfort, IL 95992",Y,hours
591,Sean Larson,686-96-7542,"3770 Allison Plain
Woodsshire, AL 29733",Y,hours
592,Daniel Mayo,390-66-6342,"081 Joseph Valleys
Dennisstad, AR 88497",Y,miles
593,Patrick Escobar,720-11-1592,"396 Hammond Crossing Suite 171
Lake Christopherview, SD 20267",N,miles
594,Timothy Russo,535-03-6254,"3669 Jacob Flat Suite 757
Port Gregory, MD 32460",N,hours
595,Barbara Merritt,701-08-9748,"2078 Tiffany Forges Apt. 269
Hoovermouth, PR 48059",N,hours
596,Mary Watson,423-15-3354,"976 Gates Rue Apt. 366
South Matthew, GU 90363",N,hours
597,Jennifer Gray,496-41-7646,"79195 Andrew Ford
West Amanda, VI 86059",Y,miles
598,Lori Adams,359-13-4440,"4798 Johnson Estate
Bruceton, KS 64805",Y,miles
599,Andrew Gilbert,265-84-6418,"1968 Michele Walk Suite 688
Deannaville, NJ 16536",Y,hours
600,Sabrina Nelson,027-37-0189,"PSC 3993, Box 7158
APO AA 30152",Y,hours
601,Raymond Moreno,203-71-3247,"074 Leon Crescent Apt. 433
New Amber, MD 04821",Y,miles
602,Devin Bridges,170-81-7919,"383 Marie Vista Suite 540
Foxview, WI 62024",Y,miles
603,Spencer Hunter,036-74-7139,"47505 Kaylee Springs
Bartonfurt, WI 33228",Y,miles
604,Christina Lee,577-85-5845,"1330 Browning Forge
Wrightville, VA 45568",N,hours
605,Barbara Marquez,135-21-0751,"52357 Steven Ranch
New Dennis, MS 52460",Y,hours
606,Evan Thompson,765-36-4346,"3125 Candice Via
New Robert, NJ 42671",N,hours
607,Heather Montgomery,623-98-1744,"11881 Poole Dale
Port Thomas, ND 61768",N,hours
608,Vincent Neal,880-54-1801,"9330 Jorge Stravenue Apt. 294
Stewartstad, KS 98255",N,miles
609,Rebecca White,797-99-8255,"077 May Drive
Scottville, CO 58206",N,hours
610,Haley Valencia,368-19-1359,"97541 Johnson Manor
Washingtonberg, MD 47311",Y,hours
611,Tracy Werner,861-73-4760,"USNS Thomas
FPO AA 28192",Y,hours
612,Mary Montoya,719-93-6766,"1576 Ian Stream
Jessicamouth, NJ 71055",N,miles
613,Megan Grimes,708-48-0185,"129 Kidd Gateway Apt. 161
Brandyview, MD 87197",N,miles
614,Ryan Mcmahon,370-53-5845,"80193 Long Islands Apt. 352
Lake Rachelland, MA 76117",N,miles
615,William Conner,600-16-5392,"6628 Matthew Mission
Pattonton, NE 27424",N,miles
616,Kristy Mclaughlin,298-92-0837,"754 Phillips Lane
East Laurieshire, MS 57427",Y,hours
617,Brian Jefferson,891-34-8275,"205 Le Villages
New Lisa, SC 08672",Y,miles
618,Stephen Davis,194-49-9691,"PSC 1869, Box 1937
APO AA 24827",N,hours
619,Darrell Gallegos,724-05-8966,"893 Moore Haven
South Jamesberg, SC 05860",N,hours
620,Ashley Stewart,199-82-4287,"2035 Gonzalez Fields
Jacobstad, ID 65449",N,miles
621,Frederick Chavez,804-99-1353,"64465 Johnson Grove
Port Joshua, CO 84657",Y,hours
622,Thomas Taylor,659-58-9687,"3260 Brown Curve
South Carlos, NY 98396",Y,hours
623,Hayden Summers,354-11-5126,"6668 Trevino Ranch Apt. 166
Port Willieburgh, SC 82709",N,miles
624,Jeremy Williams,710-39-2930,"3413 Gonzales Alley
Michaelchester, NV 67478",Y,miles
625,Steven Banks,560-33-4299,"32098 Williams Cape
Harrisstad, IL 66080",N,hours
626,Gabriel Carroll,023-23-1308,"553 Tiffany Streets Suite 051
Mclaughlinstad, TX 58374",N,miles
627,Sherry Phillips,266-73-7068,"220 Joseph Spring
East Melody, TX 96271",Y,hours
628,Brandon Hart,384-38-7101,"Unit 1583 Box 4450
DPO AA 62767",Y,hours
629,James Cohen,698-95-0033,"736 Campbell Locks Suite 139
Millerchester, AL 83223",Y,hours
630,Ronald Gonzales,255-12-1522,"60649 Spears Road
Rodriguezchester, CO 61874",N,hours
631,Joshua Gibson,466-68-2371,"5731 Burnett Cliff
Port Marie, MA 40463",N,hours
632,Steven Hunter,887-43-8625,"95075 Clayton Row Suite 030
South Courtney, AL 95448",N,miles
633,Lindsay Schultz,580-81-0277,"Unit 4661 Box 5015
DPO AE 71482",Y,miles
634,Renee Munoz,314-18-9145,"5936 Richardson Harbor
Brownland, WV 96773",Y,hours
635,Michael Smith,663-43-1213,"213 Christine Parkway
Tamarafurt, SC 07353",N,hours
636,Michael Fields,288-91-5848,"3216 John Ports Apt. 263
East Jennifer, KS 08456",N,miles
637,Phillip Hardy,821-91-6720,"728 Richard Mountains Apt. 414
Allisonbury, NM 96382",Y,miles
638,Kathleen Powell,750-77-2484,"23728 Juan Shoals
North Paulamouth, MH 66383",Y,hours
639,Dominic Obrien,176-47-0648,"522 Mary Trafficway
Ortegashire, WI 43283",Y,miles
640,Michael Pollard,378-78-9696,"35881 Holloway Pike Apt. 835
West Spencerport, HI 19343",Y,hours
641,Darrell Williams,557-95-4310,"435 Ramirez Centers Suite 041
Kristenland, SC 39041",Y,hours
642,Jeanne Moore,575-40-4594,"6783 Andrade Rapids Apt. 680
West Mollyborough, AL 52123",N,hours
643,Kristy Williams,837-78-8966,"1090 Benjamin Estate Suite 899
New Tyler, SC 09859",Y,miles
644,Sean Mathews,500-38-1474,"606 Giles Ranch
Crystalview, GU 89435",N,hours
645,Jillian Brooks,144-70-1936,"968 Mercado Lock
Francisfurt, WA 22958",N,miles
646,Christina Wright,817-47-0685,"752 Kimberly Centers
Georgeburgh, DE 33386",Y,miles
647,Joshua Rodriguez,595-94-6695,"80741 Jessica Meadow
Marchaven, PA 34023",N,miles
648,Mary Osborne,640-26-2764,"76050 Smith Mission
East Andrea, PW 45504",N,miles
649,Benjamin Mclean,397-76-0083,"PSC 4001, Box 9927
APO AP 76674",Y,hours
650,Wayne Bradford,872-33-0202,"73502 Evans Ridge
West Zacharyport, AL 17615",N,hours
651,Tammy Adams,466-90-5123,"41688 Alisha Expressway
New Elizabethfort, WA 46054",N,miles
652,Timothy Howard,416-03-9716,"9272 Fuller Street
Barkerberg, VT 06003",Y,hours
653,Andrea Richardson,800-57-5137,"31726 Potter Estates Apt. 860
South Melissa, PA 93966",N,miles
654,Becky Kramer,571-66-4880,"Unit 1482 Box 1762
DPO AA 10138",N,hours
655,Jennifer West,825-64-6013,"835 Johnson Viaduct Apt. 256
East Michaelmouth, IL 93891",N,miles
656,John Lyons,692-77-8863,"769 Knight Pines Suite 567
East Amy, NE 90276",Y,hours
657,Kara Hutchinson,013-93-8345,"USS Humphrey
FPO AE 73796",N,hours
658,Jennifer Baker,451-93-7148,"44984 Laurie Way Apt. 876
Shawnfurt, ID 54793",Y,miles
659,Michael Davidson,727-03-6828,"59170 Johnson Park Apt. 058
New Amanda, OR 42257",Y,hours
660,Amber Mcfarland,062-87-4505,"6448 Patrick Walk
South Brett, PW 57397",Y,miles
661,Amber West,071-94-5053,"71454 Andrea Forest Suite 995
East Michael, PW 96937",Y,miles
662,Michael Brooks,737-66-3490,"5287 Michelle Groves
Williamsburgh, TN 21281",Y,miles
663,Anthony Todd,498-63-6208,"552 Werner Knolls Suite 030
Port Ruben, NE 01484",Y,miles
664,Joshua Tate,014-73-4745,"433 Tanner Streets
East Victor, AZ 62497",N,miles
665,Scott Henderson,868-21-7270,"84928 White Views
South Samuel, NJ 67131",N,miles
666,Tracy Wallace,683-95-9462,"5567 Hampton Lodge Suite 476
East Mark, AR 27543",N,miles
667,Shelley Butler,067-31-7608,"891 Andrews Mountains Suite 172
Port Kenneth, KY 21335",N,miles
668,Dr. Veronica Shelton MD,761-67-0980,"2041 Angela Key
East Aaronton, SC 06010",Y,miles
669,John Mcgee,173-29-5170,"747 Yu Locks
Valenciachester, IA 96825",Y,miles
670,Luis Edwards,316-09-4850,"51050 Miller Field Apt. 578
Joneston, SC 06569",Y,miles
671,Sheila Reid,273-98-8235,"71613 Angela Turnpike
Port Charlesfurt, NH 26682",N,hours
672,Sara Obrien,251-76-0267,"669 William Inlet Apt. 238
Port Rickstad, TN 02917",N,hours
673,Lisa Allen,453-35-0260,"39321 Jones Camp Suite 727
Andersonborough, TX 52069",N,hours
674,Nathan Gallagher,070-25-6805,"013 Kevin Meadow
Suzanneburgh, VI 94165",N,miles
675,Scott Fowler,388-74-7554,"30995 Mitchell Brook Suite 258
Peggymouth, TN 01670",N,miles
676,Joanne White,374-31-1806,"222 Lewis Isle Apt. 331
North Jasonland, MN 02933",N,hours
677,Jacob Chase,080-26-3659,"2609 Davis Crescent Apt. 182
New Stephanieland, CT 99363",Y,miles
678,Amy Greer,058-87-0072,"950 Cantrell Vista
South Jonathan, CT 78570",Y,hours
679,Linda Wilson,387-86-7369,"687 Traci Ridge
Savageview, MS 27743",Y,hours
680,Brian Castro,495-31-5189,"7544 Morrow Manor
Port Anthonyfurt, TX 33282",Y,miles
681,Jessica Browning,463-96-3691,"15582 Edward Branch
Rodriguezview, PR 32189",Y,miles
682,Ryan Lewis,489-09-3529,"37758 Tara Mountains Apt. 862
Kyleview, CO 32212",N,miles
683,Heather Foster,638-99-2672,"PSC 6012, Box 1951
APO AA 41268",N,hours
684,Jeffrey Solis,021-64-5538,"8642 Shaw Garden
Freemanfort, KS 46041",Y,hours
685,Adrienne Bennett,016-43-1320,"9158 Tracy Drive Suite 462
East Lauren, KS 34765",N,miles
686,Todd Shaw,483-39-9635,"21436 Neal Track
Port Christopherside, VI 14204",N,miles
687,Karen Soto,875-23-6997,"057 Donovan Shores Apt. 398
Victorville, WI 03763",Y,hours
688,Maureen Johnston,692-18-4975,"7018 Leon Squares Apt. 828
East Kylemouth, AZ 22104",Y,hours
689,Paul Barker,479-71-8421,"78521 Matthew Green Suite 977
Port Kyle, MP 06442",N,miles
690,Richard Ortiz,432-06-0503,"USNS Leblanc
FPO AP 94268",Y,miles
691,Sean Wise,187-63-3370,"6693 Vincent Oval
Vincentbury, ND 31713",N,miles
692,Amanda Moss,400-55-2250,"66797 Christopher Trail Apt. 837
Carlosburgh, MN 55230",N,hours
693,William Jackson,594-43-5835,"4133 Rollins Roads
Mayerfurt, AK 07002",N,miles
694,Beth Roberts,403-27-9943,"6312 Douglas Streets Suite 047
South Shane, OR 17031",N,miles
695,Javier Holmes,625-90-0905,"84045 Michael Street
Port Sarahville, NJ 93233",Y,hours
696,Sarah Nguyen,111-35-5070,"USNS Hayes
FPO AE 28065",N,hours
697,Ryan Ramsey,016-69-1644,"11893 Gary Parks
Port Phillip, AZ 03687",Y,hours
698,Alicia Marshall,540-44-1542,"53566 Tiffany Ways Apt. 423
East Eric, WV 54071",Y,hours
699,Kelly Wolfe,727-36-2145,"81378 Gonzalez Flat Suite 643
East Eduardomouth, ND 90107",Y,hours
700,Christopher Gentry,521-52-6309,"0270 Hanson Mount
Watersberg, KY 92390",N,miles
701,Angela Dean,293-98-5072,"12673 Pope Cove Suite 791
Richardbury, VT 32452",Y,miles
702,Susan Kim,599-56-2767,"22225 Juan Locks
Hernandezville, RI 69253",N,hours
703,Catherine Estrada,685-03-9646,"44000 Xavier Knolls
Freyville, TX 49669",N,miles
704,Stephen Johnson,233-20-4832,"0950 Reed Brooks Apt. 203
West Jeffreyview, DE 79126",Y,miles
705,Joanne Fox,375-58-4944,"87354 Grant Drives
Shepardburgh, NY 98876",N,hours
706,Diane Potter,416-49-7592,"038 Christopher Locks
North Crystal, FM 09897",Y,hours
707,Meagan Curry,862-52-2813,"978 Johnathan Ville Apt. 453
Lewisville, PA 87334",N,miles
708,Jenna Romero,216-73-4328,"86890 Griffin Port Apt. 546
Davidbury, DE 65809",Y,miles
709,Alicia Logan,524-59-9388,"013 Melanie Loop Suite 976
Lake Johnhaven, GA 50927",N,hours
710,Brandon Bryan MD,242-87-2626,"53985 Myers Fork
Hallton, GU 61229",Y,miles
711,Alison Jones,171-04-6542,"8352 Christopher Radial Suite 687
Kendrastad, VA 66369",N,hours
712,Alexander Deleon,846-28-0157,"549 Williams River Suite 262
Thomasstad, MH 08178",Y,hours
713,Gregory Humphrey,651-09-1205,"9391 Keith Lake Suite 707
Danielside, MA 96361",Y,hours
714,Joseph Ruiz,403-92-1472,"2071 Smith Coves
Lake Justinmouth, CA 52201",N,hours
715,Carolyn Quinn,399-57-2956,"Unit 2725 Box 0436
DPO AA 80735",Y,miles
716,Isaac Boyd,498-06-5592,"12511 Wheeler Rapids
North Andrew, PR 19562",Y,hours
717,Natasha Hood,030-06-8280,"680 Alexander Isle Suite 262
Phillipborough, SD 16891",Y,hours
718,Kelly Carpenter DDS,673-19-6890,"65081 James Square
Williamsbury, NV 89432",Y,hours
719,Kevin French,569-06-9647,"5328 Barnes View Suite 789
Austinhaven, MT 08490",Y,miles
720,Jacob Cain,208-12-9699,"2255 Amanda Inlet
Samueltown, AK 88285",N,hours
721,Kristina Reese,872-70-2209,"52284 Troy Vista Apt. 793
West Roger, WA 10768",N,hours
722,Kristin Lindsey,247-95-9872,"2286 Frye Springs Suite 696
Saraville, MS 87560",N,hours
723,Kayla Thompson,083-99-1172,"71593 Courtney Vista Suite 097
Port Lisashire, TN 39806",N,miles
724,Shannon Garcia,556-07-3115,"058 Thompson Radial Apt. 352
Jeffreyshire, WV 51353",Y,miles
725,Joshua Graves,162-35-9878,"USNV Coffey
FPO AE 91832",Y,hours
726,Amanda Hernandez,530-62-1486,"295 Prince Estates
Jessicaberg, AZ 97120",Y,hours
727,Brenda Castro,744-56-7028,"15400 Hoffman Unions Suite 488
Garciastad, MO 62838",N,hours
728,Justin Wright,843-14-9242,"812 Michael Valleys Suite 589
Jacksonbury, WY 80691",Y,miles
729,Heidi Lloyd,850-86-6227,"69312 Brooks Port Suite 204
Carterfort, UT 48440",Y,miles
730,Colleen Edwards,269-26-6670,"78426 Walker Spring
South Reneefurt, NJ 06667",N,miles
731,Dawn Dodson,392-74-4983,"0095 Theresa Springs
West Stacy, KS 87659",N,hours
732,Gregory Colon,258-30-0315,"2744 Guzman Mount
Mataville, AZ 79367",Y,miles
733,Michael Ochoa,731-96-9694,"USS Martinez
FPO AP 37598",N,hours
734,Victoria Turner,675-80-6277,"70061 Anthony Streets Apt. 208
Lake Traceyhaven, GU 73946",Y,miles
735,Robert Freeman,791-48-4927,"Unit 8246 Box 7648
DPO AE 51041",Y,hours
736,Linda Mcpherson,094-93-9623,"Unit 5917 Box 6405
DPO AA 18595",N,miles
737,Kelly Foley,896-35-8278,"170 Carr Port Apt. 782
Williamsville, KS 69598",N,miles
738,Kristine Morgan,895-73-5566,"Unit 6498 Box 4980
DPO AE 53670",Y,hours
739,Michael Kennedy MD,817-70-5072,"7962 Hernandez Drive Suite 467
Jacobchester, SD 18028",N,hours
740,Heather Burton,879-26-3865,"45683 Ana Causeway
Melissaborough, AR 20950",Y,miles
741,David Johnson,290-98-7177,"405 Sheri Branch Apt. 289
Lake Alexander, MT 87917",Y,miles
742,Ryan Macias,515-37-3225,"91950 Alexandria Summit
Lake Colleen, CT 04062",Y,miles
743,Wendy Gregory,831-86-2114,"10521 Singleton Pines
East Mark, AK 13433",N,miles
744,Sarah Torres,398-52-8064,"202 Scott Isle
New Megantown, NH 55065",Y,miles
745,Robert Lee,519-69-0817,"PSC 2160, Box 8973
APO AE 21243",Y,miles
746,Jordan Lewis,451-20-1510,"Unit 6551 Box 9882
DPO AE 90084",Y,miles
747,Nancy Coleman,308-44-5674,"3873 Phillips Island Suite 927
Lisabury, IL 50116",N,hours
748,Casey Campos,248-85-1094,"67595 Collins Drive Apt. 293
Lake Catherineville, MP 50761",N,hours
749,Peter Wallace,595-97-1372,"Unit 3372 Box 1351
DPO AE 46128",N,miles
750,Stacey Garcia,870-42-2991,"2159 Martinez Rapids
Wrightmouth, ID 04630",Y,hours
751,Vanessa Ortiz,077-34-7538,"25132 Michael Isle
Kimberlyview, IL 52727",Y,miles
752,Crystal Klein,849-08-5486,"114 Estrada Villages Apt. 661
North Michaela, IN 87041",N,miles
753,Danielle West,400-40-5519,"736 John Square
South Megan, TX 69645",Y,hours
754,Katherine Singh MD,070-29-9197,"PSC 6348, Box 6817
APO AE 12315",N,hours
755,Cameron Smith,381-33-1102,"66145 Gonzales Street Suite 674
New Valerie, NC 71419",N,hours
756,Corey King,128-94-2982,"765 Nicholas Highway Apt. 496
East Emily, UT 45364",N,hours
757,Kevin Kim,028-59-9679,"322 Deborah Lake
Laurieside, HI 06947",N,hours
758,Amy Garcia MD,716-50-2397,"5220 Hunt Flats
North Aaronside, NC 24377",N,hours
759,Chris Stewart,273-84-0342,"47919 Liu Turnpike
Port Kristinside, IA 89623",Y,hours
760,David Shannon,079-42-4912,"946 Howard Villages
Andrewsview, PR 29142",Y,miles
761,Debra Chavez,276-99-7483,"95413 Eduardo Field
South Ronald, DC 73250",N,hours
762,Sarah Guerrero,060-48-8414,"965 Kelly Ramp
Rhodestown, PW 35758",N,miles
763,Robert Arnold,834-30-5576,"46030 Kerr Coves
Jefferyburgh, MN 77878",N,hours
764,Seth Carter,187-11-8168,"96016 Nancy Pine
Calebmouth, MO 25586",N,miles
765,Brandon Marquez,601-27-6641,"34611 Tara Grove
Harrisonstad, IL 52345",Y,miles
766,Ryan Hoffman,245-58-5212,"946 Martinez Passage Apt. 081
Hernandezton, AR 81841",N,miles
767,Karen Lee,483-06-2841,"5601 Santiago Locks Apt. 749
Kaylabury, NY 67272",Y,miles
768,Kyle Davis,189-78-6961,"USNS Sanchez
FPO AA 60063",N,hours
769,David Adams,247-41-0420,"USCGC Bell
FPO AA 21194",N,miles
770,Danielle Summers,617-20-4426,"USCGC Perez
FPO AE 89721",Y,miles
771,Mitchell Manning,118-97-9616,"03549 Macdonald Ramp Suite 836
East Angela, AR 41065",N,miles
772,Jeffrey Adams,456-56-8804,"932 Gerald Village Apt. 232
North Michaelshire, ND 85457",Y,miles
773,Lisa Perry,882-98-1388,"787 Moody Road
North Lindsey, VI 89902",N,hours
774,Robert Burton,380-61-1436,"9042 Johnson Stravenue Suite 749
West Matthewview, MO 69950",Y,hours
775,Amanda Watson,490-02-5509,"57917 Glenn Plains Apt. 652
Stevenville, UT 69892",N,miles
776,Richard Ward,056-99-6874,"43109 Reed Hill Apt. 244
Turnerburgh, RI 21241",Y,miles
777,Gabriel Hughes,358-37-3012,"USS Romero
FPO AP 03704",Y,hours
778,Lisa Porter,502-30-2164,"047 John Highway
Troyberg, IA 55217",N,miles
779,Kimberly Houston,273-12-4473,"Unit 4625 Box 6418
DPO AA 71780",Y,hours
780,Joshua Kelly,702-14-6699,"206 Gentry Knolls Apt. 510
West Jamestown, MA 26140",N,hours
781,Kelly Brooks,293-44-1941,"98005 Brittany Common Apt. 594
West Stephanie, VA 80223",Y,miles
782,Erin Cervantes,578-66-7136,"1965 Rebecca Route Suite 622
Port Robertshire, AZ 85510",N,hours
783,Nicole Huffman,464-34-9398,"USNV Miller
FPO AE 92079",Y,hours
784,Joseph Murphy,090-22-8560,"24961 Damon Fork
Nicholasfort, IN 30317",Y,hours
785,Scott Richards,283-59-4216,"1224 Harris Centers Suite 665
South Brianville, VT 30441",Y,hours
786,Michael Carr,885-50-2368,"35426 Steven Course Apt. 672
Lake Brandifort, WV 38835",N,hours
787,Jamie Combs,033-90-9071,"028 Rachel River Suite 333
Stevenborough, MO 20687",N,hours
788,James Frank,277-90-2799,"32613 Butler Ways Apt. 132
Port Lindseystad, TX 46564",N,hours
789,James Lawson,396-90-8920,"3914 Maldonado Tunnel Suite 367
West Erikton, MS 11782",N,miles
790,James Ochoa,856-39-9924,"25135 Blake Freeway
East Morgan, ND 37019",N,hours
791,Jeremy Rodriguez,400-27-1792,"Unit 9607 Box 4691
DPO AA 30935",Y,hours
792,Michelle Hill,818-32-6060,"0538 Karen Harbor Suite 153
Martinezfort, KS 05246",Y,miles
793,Matthew Thompson,421-93-3980,"5808 Ethan Trace
Mcmahonhaven, MH 75371",N,hours
794,Eric Rivera,227-15-6487,"75163 Thompson Circle Suite 486
Kristytown, VT 08696",Y,miles
795,Joseph Summers,735-90-3808,"54257 Moody Drive Suite 562
New Angelashire, IL 64899",Y,miles
796,Benjamin Lewis,886-57-1171,"585 Murphy Bridge Suite 395
North Andreafurt, MD 80644",N,hours
797,Robert Hess,177-11-1302,"75873 Timothy Village Apt. 856
Port Conniemouth, AK 85595",N,hours
798,Phyllis Hanna,018-32-5922,"699 Daniel Trail Apt. 373
Armstrongberg, VA 42540",Y,hours
799,Natalie Boyle,692-61-8975,"9305 Thomas Dale Apt. 405
Corystad, MS 07023",Y,miles
800,Samantha Johnson,335-56-0270,"041 Russell Alley
Brewershire, NH 88698",N,miles
801,Gary Johnson,851-89-0457,"934 Martinez Skyway Apt. 029
East Kellyport, SD 91206",N,hours
802,Victor Garrison,214-36-2378,"6700 Erica Mountain Suite 665
Crawfordfort, NV 46498",N,hours
803,Johnny Serrano,139-94-8944,"072 Diaz Trace
New Rachel, MA 22336",N,hours
804,Robert Robertson,539-15-6420,"6576 Samantha Mews
Kingfort, ID 15604",N,miles
805,James Rodriguez,320-54-0763,"PSC 3294, Box 8500
APO AP 14377",N,hours
806,Stephanie Adams,704-80-1107,"PSC 6433, Box 8716
APO AA 84561",Y,hours
807,Ronald Mitchell,478-60-8236,"Unit 4816 Box 5863
DPO AE 52577",Y,miles
808,Mr. David Craig,662-19-9535,"Unit 6880 Box 2229
DPO AP 96579",N,miles
809,Melissa Strong,650-41-9879,"215 Jill Green Apt. 809
South Allison, AS 89097",N,miles
810,Jonathan Gentry,592-84-3516,"5769 Swanson Center Apt. 325
Williamberg, WY 96089",Y,miles
811,Jasmine Silva,524-12-4370,"9712 Rick Divide Apt. 043
South Randy, OR 29926",N,hours
812,Christopher Robinson,559-05-8076,"5488 Heather Green
West Todd, GA 92703",Y,miles
813,Lauren Robinson,015-82-6437,"640 Hughes Cove Suite 984
Tylershire, VA 31765",Y,hours
814,Jill Barrett,503-22-1000,"870 Daisy Springs Suite 917
Port Pamela, NH 01368",Y,miles
815,Diane Hurley,434-71-0167,"PSC 7452, Box 8197
APO AE 34715",Y,hours
816,Jay Gonzalez,030-52-4639,"62283 Taylor Pass
East Brianshire, PR 02887",N,hours
817,Drew Rivers,460-75-2681,"9897 David Row Apt. 318
Lake Christopher, RI 01827",N,miles
818,Christina Dunn,764-88-7202,"0063 Lance Ports
North Amanda, NE 56937",Y,hours
819,Vickie Bradley,380-95-8320,"PSC 2714, Box 2470
APO AE 71846",Y,miles
820,Christopher Gardner,822-05-1168,"037 Michael Mountain
Port Jennifer, RI 54135",N,hours
821,Ernest Moore,121-59-1977,"605 Sheena Common
Lake John, WY 76533",N,miles
822,Juan Weber,076-95-3587,"8587 Hernandez Stream
Kevinport, MS 02322",N,miles
823,Tina Martin,202-98-3944,"439 Johnathan Landing
Port Nancy, CT 78032",N,miles
824,Elaine Clark,541-98-9045,"41060 Lara Prairie Apt. 770
Maloneton, ND 81588",Y,miles
825,Sean Madden,405-44-9300,"29379 Mary Isle
Williamsview, MP 42708",Y,miles
826,Dennis Blake,036-13-7838,"85869 Tim Trafficway Suite 456
New Stacey, IN 28722",N,hours
827,Mandy Davis,850-55-1531,"99583 Sanchez Pine
Erinborough, DE 86598",N,miles
828,Justin Harris,747-95-0176,"6579 Carpenter Trace Apt. 069
Morseberg, MP 93197",Y,miles
829,Bailey Myers,060-34-7396,"4180 Rose Grove Apt. 231
North James, DE 88074",Y,hours
830,Margaret Alvarez,232-80-6741,"13190 Ruben Junctions
New Amy, OR 22800",Y,hours
831,Allison Bennett,022-17-4978,"6156 Harris Common
Mooreton, IA 42056",Y,hours
832,Heather Ramirez,844-70-9912,"49448 Jonathan Ville
Lake Roberthaven, SC 04715",Y,hours
833,Renee Tucker,342-42-2346,"942 Monica Brook Apt. 578
Port Savannahchester, WV 11374",Y,hours
834,Patricia Russell,680-54-1641,"647 Warren Fort
Port Sarahtown, RI 38801",N,hours
835,Christopher Duncan,350-07-2711,"3610 Laurie Squares
Robertchester, AR 89861",Y,hours
836,Scott Bender,568-31-5976,"1872 Kramer Greens
South Maria, TN 21899",N,hours
837,Susan Robinson,024-64-5050,"00717 Robles Hills
West Kelseyfort, MA 88646",N,miles
838,Gene Daniels,116-98-5467,"389 Joseph Extension Suite 019
Lake Patriciamouth, MO 23106",N,hours
839,Elizabeth Bell,622-47-9980,"49240 Lee Centers Apt. 564
New Jennifer, PA 92562",N,hours
840,Shane Marshall,378-13-7819,"90964 Brewer Mall Apt. 635
Wallaceview, ME 32069",Y,miles
841,Kaitlyn Gomez,492-94-9156,"3159 Nicole Coves
New Ericland, MI 53206",Y,miles
842,Rachel Herrera,358-58-3353,"412 Brianna Underpass Apt. 610
West Haley, OR 32575",N,miles
843,Alicia Combs,376-83-0278,"766 Murray Squares
North Gregoryport, MH 99543",Y,hours
844,James Wilson,291-57-9140,"003 Thomas Camp
Thompsontown, TN 53411",N,hours
845,Debra Roberts,229-41-4062,"0305 Swanson Drive Apt. 703
Port Martin, WA 45476",Y,miles
846,Matthew Moore,018-87-0332,"94964 Brooks Fords
East Jaclynchester, TN 92754",N,miles
847,Jason Mann,712-94-0160,"838 Fleming Key
South Lisa, MI 93468",Y,miles
848,Michelle Steele,039-90-1266,"49141 Christina Summit
Herrerachester, AK 06466",Y,miles
849,Craig Wilson,429-95-7399,"15074 Joshua Lodge Apt. 506
Port Sarah, MH 72027",N,hours
850,Ms. Laura Flynn,140-67-2273,"0285 Thomas Brook Apt. 858
West Haleybury, OK 10027",N,miles
851,Kayla Cunningham,798-67-1835,"856 Chan Stravenue Apt. 758
Alanside, DE 00691",N,miles
852,Jerry Herrera,599-97-7427,"513 Carter Green
Angieton, TN 50199",N,hours
853,Kenneth Stewart,653-82-9314,"20726 Sarah Groves Apt. 875
Maddoxmouth, MN 73570",N,hours
854,Michael Hancock,770-12-3043,"9374 Rhonda Harbors Apt. 614
Zhanghaven, LA 05167",N,hours
855,Jose Hernandez,379-99-5347,"Unit 0025 Box 4022
DPO AP 40251",Y,hours
856,Nathan Johnson DDS,163-56-1516,"372 Amy Road Suite 507
Catherineborough, SD 47856",N,hours
857,Ryan Perez,426-28-3711,"464 Melanie View Apt. 784
North Alexismouth, AK 28009",N,miles
858,Roberto Harris,536-47-5660,"USCGC Mcdonald
FPO AE 60293",Y,hours
859,Andrea Martin,059-10-0026,"36402 Dylan Motorway
Millerborough, WV 78970",Y,miles
860,Robin Cruz,353-88-5547,"6557 Guzman Grove Apt. 526
Lake Russell, MN 49692",Y,miles
861,Matthew Brooks,675-92-8563,"50996 Smith Canyon Suite 476
New Jeffreymouth, VI 64464",Y,miles
862,Audrey Carter,714-22-6185,"97763 Gary Landing
Christopherfort, RI 47912",N,miles
863,Dana Henry,317-58-9337,"PSC 2385, Box 1112
APO AA 57689",Y,miles
864,Paul Russo,744-89-7742,"92717 Taylor Knolls
Newmanport, IN 88490",Y,hours
865,Michael Santiago,165-91-1392,"581 Robin Extensions
Davidburgh, CA 87142",N,miles
866,Joseph Allen,139-27-5632,"921 Norris Island Suite 734
Maysland, CA 45993",N,hours
867,Karen Smith,355-13-7884,"228 Bradley Expressway
Dawnfort, ID 72860",Y,hours
868,Crystal Perry,237-43-5172,"1890 Herrera Crescent
East Jessica, AR 68978",N,miles
869,Matthew Campos,392-58-7878,"0983 Bailey Points Apt. 998
South Lesliemouth, WI 67268",N,miles
870,Donald Molina,496-56-5476,"2845 Alexander Ports
South Dean, ND 46145",Y,miles
871,Miss Sarah Hull,263-19-7559,"Unit 7169 Box 4635
DPO AE 25295",N,hours
872,Beth Wilcox,422-40-7290,"09854 Logan Viaduct Suite 587
South Karen, AR 05047",N,miles
873,Tony Boyer,312-86-3070,"3092 Alicia Skyway Apt. 521
Port Lisa, MP 22537",N,miles
874,Bruce Hamilton,123-74-9804,"78681 Camacho Points
North Robert, OR 05378",Y,miles
875,Miguel Walsh,585-68-7219,"9580 Coleman Drive Suite 500
North Morganton, TX 74248",Y,miles
876,Christine Lopez,367-73-3089,"52591 Thomas Alley Suite 233
South Victorton, NJ 07692",N,miles
877,Angela Gonzalez,647-58-7823,"4651 Cross View
Brentchester, VI 86042",Y,miles
878,Kevin Anderson,423-54-4524,"PSC 4430, Box 8906
APO AA 69112",Y,miles
879,Wesley Henry,783-50-1572,"844 Reyes Tunnel
Bryanmouth, VA 17906",N,miles
880,Timothy Wright,189-29-4256,"USCGC Jackson
FPO AA 21201",N,hours
881,Mrs. Whitney Gonzalez DDS,330-24-2034,"782 Jamie Mill Apt. 455
Wardside, RI 58021",Y,hours
882,Susan Hunt,743-45-4506,"27949 Hill Highway Suite 202
Miketon, ME 32510",N,hours
883,Kyle Lambert,565-88-2530,"96085 Barber Garden
Thomasport, MP 67739",Y,miles
884,Jerry Reed,869-84-8646,"224 Ashley Junctions
East Maryberg, OR 55896",Y,miles
885,Robert Buckley,471-87-4452,"66352 Erin Lane
Edwardstown, MP 42978",N,miles
886,Nicole Ibarra,305-89-0625,"72064 Fuentes Drive
Christinaburgh, VA 57745",N,miles
887,Elizabeth Jimenez,880-78-1160,"667 Charles Squares
East Blaketon, CA 41057",N,miles
888,Jordan Payne,185-53-7050,"712 Butler Loop
Andrewside, DE 58558",Y,miles
889,Larry Deleon,370-60-9717,"493 Shawna Greens
Jessicamouth, NH 14036",N,hours
890,Andrea Wagner,647-95-2562,"99651 Lisa Mall
Scottmouth, IA 54567",N,miles
891,Carolyn Palmer,363-55-2639,"76185 Davis Unions
Marcusshire, WA 10538",Y,hours
892,Andrea Douglas,392-80-5816,"955 Bryant Green Suite 972
Hernandezmouth, HI 47331",N,hours
893,John Quinn,485-93-4138,"7466 Marie Dale
Thomasville, GA 81232",N,hours
894,Kimberly Jones,444-96-0721,"013 Holly Fords Apt. 775
Mariaside, ME 12599",N,hours
895,Ana Owen,691-19-7346,"609 Carrie Lodge
Port Jeffrey, AR 15617",N,hours
896,John Shelton,642-29-8163,"925 Donna Corners Suite 269
East Jade, CA 72392",N,hours
897,Kelly Garcia,830-65-6300,"2178 Daniel Spring
Smithville, CO 79144",N,hours
898,Elizabeth Shelton,644-21-3808,"83382 Alexandria Brooks Apt. 976
South Richard, WV 44079",N,miles
899,David Johnson,897-21-4333,"093 Marie Trafficway Apt. 118
Austinchester, LA 58626",N,miles
900,Jessica Burch,510-18-6476,"059 Jason Forges
Lake Kent, MS 90095",Y,hours
901,Christopher Sutton,314-64-8243,"00996 Melissa Cliff Suite 201
Port Melinda, HI 36237",Y,hours
902,Zachary Garcia,450-17-7088,"680 Norris Path
West Matthewview, IA 50634",N,miles
903,Melanie Reynolds,240-89-3386,"0361 Powell Street
Powersside, AR 49314",Y,miles
904,Miranda Bartlett,566-71-9799,"5163 Smith Ways
Johnsonborough, AL 02876",N,miles
905,Michael James,432-83-4603,"997 Cook Lake Apt. 851
Lake Anthony, MD 61315",N,hours
906,Elizabeth Bautista,309-83-4252,"346 Daniel Union Suite 271
Lamburgh, OH 89436",Y,hours
907,James Hayes,604-73-8981,"661 Martinez Ports Suite 311
Georgefort, NC 98179",N,hours
908,Alicia Bell,784-33-9343,"405 Miller Crescent Apt. 310
Masonburgh, FM 84265",Y,hours
909,Debbie Fisher,048-38-7194,"63407 Jeanne Roads
Gallaghermouth, MH 75418",Y,hours
910,Paul Hill,797-41-5333,"Unit 5428 Box 6206
DPO AA 81049",Y,hours
911,Daniel Henry,007-92-9314,"275 Rojas Courts
Ericside, CA 80913",Y,miles
912,Crystal Gonzalez,653-03-1842,"4046 Gavin Mountains
Port Williamland, NH 54491",N,hours
913,Michael Dixon,316-31-5082,"01474 Bryan Club
South Melanie, NC 97052",Y,hours
914,Robert Barnett,772-33-4512,"119 George Point
Susanstad, PR 87304",Y,miles
915,Ms. Katelyn Atkins MD,586-61-7209,"571 Tonya Spring Apt. 070
North Joseph, MT 51981",N,miles
916,Kelly Bradley,704-19-2010,"01158 Jill Extensions Suite 156
Allenborough, MI 01631",N,hours
917,Misty Smith,270-25-4034,"1544 Jamie Island
Benjaminhaven, NY 07234",Y,miles
918,Kimberly Blanchard,080-37-2800,"43043 Martinez Crescent Suite 644
New Timothy, NM 55752",N,hours
919,Jessica Walker,512-05-1950,"0932 Mikayla Plaza
West Susanbury, UT 24122",N,miles
920,Jonathan Ferguson,226-32-5449,"82034 Sanchez Station
South Matthew, DC 30901",Y,hours
921,Erica Griffin,029-85-8026,"76386 Luke Well Apt. 049
Mitchellside, FL 24227",Y,hours
922,Robert Sandoval,817-79-8190,"23478 Wagner Landing
Marialand, WV 26973",Y,miles
923,Jared Middleton,595-54-2235,"59557 Jackie Point Apt. 130
Morganmouth, IN 32757",N,miles
924,Maria Singleton,088-50-8292,"3977 Joel Pike Suite 885
Jenniferborough, TX 58159",N,miles
925,Jennifer Stevenson,402-85-8989,"78137 Kathryn Underpass Apt. 155
Morganfort, AK 52430",N,miles
926,Brandy Woods,127-81-2945,"9834 Bryan Ville
Richardtown, MA 73970",N,hours
927,Kelly Murray,310-73-3056,"5312 William Shore Apt. 778
Joshuastad, IN 02848",N,hours
928,Maria Pennington,153-93-0380,"Unit 1484 Box 2132
DPO AA 34823",Y,hours
929,Scott Kidd,277-34-7133,"1274 Schaefer Way Apt. 913
Stoneborough, MD 36302",Y,hours
930,Casey Keller,333-64-2181,"280 Edward Oval
South Pamelaberg, VI 12517",Y,miles
931,Sean Smith,350-36-1375,"435 Eric Circle Suite 313
Lake Ryanland, NV 36975",Y,hours
932,Hunter Castillo,879-38-6887,"8410 Joseph Track
Lake Amandatown, PR 54364",N,hours
933,Dustin Brown,416-18-4207,"08460 Ferguson Brooks
Martinmouth, KY 64360",N,miles
934,Robert Thomas,034-66-0469,"2835 Samuel Fort
Porterville, UT 32983",Y,hours
935,Kevin Gonzalez,421-31-4300,"346 Clark Route Suite 650
South Aaronshire, NE 97474",Y,miles
936,Michael Johnson,193-88-9493,"75642 Marissa Expressway
Lake Ryan, WA 97904",Y,hours
937,Kristina Ellis,403-60-2306,"8415 Dale Brooks
Haysborough, NV 45452",Y,miles
938,Christine Spears,039-05-5204,"538 Bryant Isle Suite 689
Dakotahaven, MN 26534",N,hours
939,Amy Garcia,560-42-9196,"86032 Andrea Club
Websterton, PA 73825",Y,miles
940,Kristina Murphy,720-02-0963,"54313 Lauren Cove
West Bradleyville, MA 63539",Y,miles
941,Robert Rasmussen,586-65-0632,"82477 David Circle Suite 330
Wilsonborough, MP 74233",N,hours
942,Edward Lawson,766-73-1357,"24995 Teresa Crossing
Lake Jennifershire, IN 14899",Y,hours
943,Charles Andrade,754-77-7463,"492 Nancy Mews
Davidland, OH 20464",N,miles
944,Darren Thomas,784-87-8527,"177 Gray Dale Apt. 262
Vargasshire, PA 02996",Y,hours
945,Benjamin Oliver,605-56-9982,"7503 Thompson Pine
Tonychester, AZ 38071",Y,miles
946,Chloe Curtis,116-36-8207,"34029 Jackson Flat
Ayersborough, ME 92879",N,hours
947,Ashley Allison,529-52-1492,"605 Maxwell Ridges
Wesleybury, FL 98177",Y,miles
948,Peggy Black,768-29-4280,"246 Robert Point Suite 969
Rebeccamouth, SC 03708",Y,miles
949,Jose Goodman,556-74-9810,"43441 Destiny Fork Suite 164
Whitefurt, AK 96804",Y,miles
950,Peter Carrillo,436-92-1387,"1600 May Corners
Mariaview, IA 61740",N,hours
951,Bethany Morales,746-57-3880,"9292 Derek Plain
Williamville, PA 53445",Y,miles
952,Jose Short,133-09-1791,"962 Timothy Gateway
East Ruthshire, LA 70665",N,hours
953,Mary Foster,231-98-4689,"0837 Sarah Ports Apt. 798
Williamsshire, CO 12766",Y,hours
954,Harold Stone,773-09-6789,"79732 Villa Center
New Amanda, MP 08246",Y,hours
955,Andrea Adams,414-43-8163,"94195 Wilcox Meadow Suite 009
North Calebstad, NC 53028",N,hours
956,Mrs. Kelly Ali MD,832-46-0695,"00448 Larry Squares
East Lisaland, VT 24749",Y,miles
957,Robert Perez,574-86-3168,"274 Daniel Loaf Apt. 682
New Katherinetown, VT 79715",N,miles
958,Samuel Benson IV,021-20-6500,"7234 Julia Loop Apt. 196
East Daniel, VT 63006",N,miles
959,Tanner Cooper,173-74-8886,"USNV Stevens
FPO AA 47495",Y,hours
960,Anthony Flores,087-01-7425,"5414 Melvin Ridge
Hallmouth, FL 69796",N,hours
961,Gary Stewart,374-32-0517,"3861 David Bridge
New Danielle, NM 29465",Y,miles
962,Dustin Perez,437-97-9752,"PSC 1942, Box 0090
APO AE 20396",Y,miles
963,Felicia Jenkins,277-90-9491,"05920 Brown Garden Suite 622
Port Jasonside, ND 93641",N,hours
964,Kimberly Vincent,307-70-2120,"175 Lisa Courts Suite 207
Port Trevortown, OK 25566",N,miles
965,Jessica Harrison,486-32-8763,"93458 Jodi Stream Suite 048
Lake Jacobberg, FM 01067",Y,miles
966,Matthew Burgess,685-05-8677,"4502 Angela Track Suite 116
New Kellymouth, GA 99194",Y,miles
967,Dr. Marie Bullock,473-78-7145,"2513 Patricia Terrace
Jordanfort, MO 55816",N,hours
968,Kelsey Price,323-06-0363,"835 Cory Tunnel
Soniashire, KY 17256",Y,hours
969,Amanda Velazquez,265-72-6536,"7758 Benjamin Road Suite 765
South Richardton, MD 39089",Y,miles
970,Raymond Simpson,567-77-2137,"98691 Sanchez Square Apt. 454
Johnsonberg, MO 22215",Y,miles
971,Arthur Mahoney,085-75-4782,"288 Alexander Drive Suite 120
Johnfort, DE 52750",Y,miles
972,Brittney Oneal,435-20-3429,"4006 Smith Terrace
North Benjaminburgh, ND 36917",N,hours
973,Steven Jackson,847-66-6977,"58999 Michael Terrace Apt. 178
Lake Andrea, KS 46764",Y,hours
974,Julie Parks,347-13-6216,"9864 Johnson Branch Apt. 068
Wallaceport, KY 96169",N,hours
975,Jessica Wang,689-80-6993,"24328 Sarah Ports
Gabrielville, FL 11682",Y,miles
976,Megan Estes,170-56-4975,"3806 Thomas Burg
North Kevinburgh, OK 34413",N,hours
977,Pamela Mendoza,077-40-6705,"8889 Kelly Mews Suite 821
Vincentfort, SC 29368",Y,hours
978,Jennifer Meyers,631-84-1018,"177 Ross Estates
West Cody, WY 58304",Y,hours
979,Diane Mitchell,859-06-3805,"4886 Burgess Ferry Apt. 990
Campbellmouth, DE 22619",Y,miles
980,Damon Bentley,210-88-8449,"8659 Ryan Pike Apt. 726
Baileyberg, MT 07305",N,miles
981,Cynthia Peterson,415-23-0248,"269 Karen Underpass Apt. 285
East Alan, CT 37232",N,miles
982,Anne Ortiz,535-98-4898,"20803 Tina Freeway
Barbaraside, MA 53901",Y,hours
983,Derrick Simmons,449-92-4353,"59767 Welch Knolls
Combsshire, IA 54644",Y,miles
984,Ashley Jenkins,470-76-5529,"3680 Walker Spurs
Garciabury, NH 28606",Y,miles
985,Andre Davis,043-66-1798,"30644 Romero Point
New Danielhaven, GU 83078",Y,miles
986,Jeremy Mcintosh,795-54-7584,"041 Christopher Junctions
Edwardhaven, IA 74150",N,hours
987,Jesse Caldwell,882-77-5604,"3488 Eric Expressway Apt. 940
South Joseborough, PW 98942",N,hours
988,Heidi Weber,054-11-0998,"7370 Robinson Haven Apt. 660
East Nicholasview, WY 73997",Y,miles
989,Vicki Becker,581-45-5867,"37144 Chelsea Falls
West Randall, MS 15331",Y,hours
990,John Washington,778-59-5860,"79535 Jimmy Shores Suite 153
Taylorland, AR 53568",Y,miles
991,Rebecca Padilla,848-37-9038,"49362 Jones River
Jasonview, IA 04574",Y,hours
992,Lisa Gonzalez,699-50-9296,"56620 Taylor Camp
Maryberg, ID 95358",Y,hours
993,Jonathan Briggs,678-23-2201,"4121 Christina Prairie Suite 759
New Michelle, DE 10914",N,miles
994,Shannon Dixon,650-93-8598,"56547 Scott Unions Apt. 257
Lake Hannahton, VI 33182",N,hours
995,Katie Williamson,681-01-6461,"686 Higgins Oval Apt. 488
Karenborough, PA 55132",N,hours
996,Joshua Welch,648-96-7870,"068 Amanda Gateway Suite 471
North Deborah, MT 84205",N,hours
997,Jasmine Montgomery,642-32-4672,"16662 Adams Stream Apt. 013
East Brandonstad, TN 81590",Y,hours
998,Jessica Tucker,305-88-0081,"Unit 6473 Box 2480
DPO AA 83011",Y,miles
999,Deborah Black,496-97-7681,"USCGC Robinson
FPO AA 83697",Y,hours
1000,Steven Bennett,316-78-3993,"1587 Bryan Burg Suite 504
North Victor, RI 68882",N,hours
1001,Alexis Harris,021-74-0852,"5149 White Terrace
Port Robert, VI 32018",N,miles
1002,Jacob Johnson,667-54-6778,"Unit 6264 Box 0789
DPO AA 67683",Y,hours
1003,Samantha Williams,075-73-0993,"6254 Aaron Throughway Apt. 991
Campbellburgh, NY 16015",N,hours
1004,Cynthia Blevins,795-53-4074,"01912 Zachary Rue Suite 200
Johnshire, ME 39178",Y,hours
1005,Jeffery Watkins,294-56-8944,"17511 Thomas Keys
West Danny, VA 07591",Y,hours
1006,Stephanie Lyons,837-04-3378,"801 Gonzalez Terrace Suite 103
Port Amandaview, NY 60354",N,miles
1007,Steven Lara,784-06-3351,"81689 Diaz Highway Suite 359
Janetmouth, AR 42800",Y,hours
1008,Jesus Hinton,601-77-8405,"14226 Allison Alley
Lisaborough, ME 17196",N,miles
1009,Erin Duke,500-38-3724,"660 Victoria Estates
Port Mary, DC 96821",N,hours
